"","UKB_460K.body_BMIz","UKB_460K.cov_EDU_YEARS","UKB_460K.lung_FVCzSMOKE","PASS_Intelligence_SavageJansen2018","UKB_460K.mental_NEUROTICISM","UKB_460K.bp_DIASTOLICadjMEDz","UKB_460K.blood_WHITE_COUNT","UKB_460K.body_HEIGHTz","UKB_460K.other_MORNINGPERSON","UKB_460K.repro_MENARCHE_AGE","UKB_460K.biochemistry_TotalProtein","UKB_460K.body_WHRadjBMIz","UKB_460K.lung_FEV1FVCzSMOKE","PASS_ReactionTime_Davies2018","UKB_460K.biochemistry_Creatinine","UKB_460K.blood_RED_COUNT","PASS_BDSCZ_Ruderfer2018","UKB_460K.blood_PLATELET_COUNT","UKB_460K.bmd_HEEL_TSCOREz","PASS_SleepDuration_Dashti2019","UKB_460K.biochemistry_IGF1","PASS_GeneralRiskTolerance_KarlssonLinner2019","UKB_460K.biochemistry_AspartateAminotransferase","UKB_460K.blood_RBC_DISTRIB_WIDTH","PASS_Insomnia_Jansen2019","PASS_Height1","UKB_460K.repro_NumberChildrenEverBorn_Pooled","PASS_AtrialFibrillation_Nielsen2018","UKB_460K.biochemistry_Testosterone_Male","PASS_BMI1","UKB_460K.disease_HYPOTHYROIDISM_SELF_REP","PASS_AgeFirstBirth","UKB_460K.body_BALDING1","UKB_460K.biochemistry_AlkalinePhosphatase","UKB_460K.disease_ALLERGY_ECZEMA_DIAGNOSED","PASS_DrinksPerWeek_Liu2019","UKB_460K.biochemistry_Phosphate","PASS_MedicationUse_Wu2019","PASS_BreastCancer","PASS_IBD_deLange2017","UKB_460K.biochemistry_VitaminD","PASS_MDD_Wray2018","UKB_460K.biochemistry_Cholesterol","PASS_ADHD_Demontis2018","UKB_460K.biochemistry_TotalBilirubin","UKB_460K.repro_MENOPAUSE_AGE","UKB_460K.pigment_SUNBURN","PASS_NumberChildrenEverBorn","PASS_SCZvsBD_Ruderfer2018","PASS_Years_of_Education1","PASS_HDL","PASS_LDL","PASS_CigarettesPerDay_Liu2019","PASS_IschemicStroke_Malik2018","PASS_Anorexia","PASS_Alzheimers_Jansen2019","PASS_Rheumatoid_Arthritis","PASS_Ever_Smoked","PASS_ProstateCancer","UKB_460K.cancer_PROSTATE","UKB_460K.cancer_BREAST","PASS_Type_2_Diabetes","PASS_Autism","PASS_Coronary_Artery_Disease"
"Best4..Enterocytes",2.16908908379,1.26268635555,3.22503273952,1.87773694863,1,4.35118554949,7.03947400821,5.22840425599,1.60635906566,1.63804849334,8.41076609854,4.47258062826,4.21724935631,2.18950153961,7.03743854913,10.265850384,2.99617732527,10.6836954055,4.22504046325,1,5.46878274511,1,7.9809456627,12.1250595389,1.75398058704,6.02017804828,1.37081809178,5.55115410324,7.60946573675,2.02391051201,7.21666487718,1.53903029477,2.93938963826,11.4963835069,5.65024843339,2.57559721848,6.74484941606,3.13084995817,3.82910162131,10.2741880133,4.02458221898,1,9.95994592608,1,8.84394995012,5.80053012132,3.75647649659,1.41919399782,3.37984698709,1,10.8633014558,11.8517322516,2.38819976553,3.70614334956,1,10.4379620827,8.4992625552,1,10.3368150113,6.70851586202,3.79353129822,5.80147987433,1,6.34113108817
"CD4..Activated.Fos.hi",1.26446851933,1,1.5025008322,1,1,3.65828653562,9.76522484342,3.83205971381,1,1.55260105255,10.823398532,2.59641365522,2.95056650163,1,4.01930294151,9.2145606708,1.38772981757,7.54283805708,1.65803672765,1.96506901802,3.2737532036,1,6.12784385768,9.10718737229,1,3.63730417161,1,2.81131988097,4.68848875299,1,20.10571307,1,2.4925730191,6.18241504468,14.2549929497,1,5.54859627467,1.70660931854,4.24139945574,16.4625209497,1.87495147998,1,4.85472242501,1,4.8752220375,2.73232754364,1.43423316942,1,2.23111266084,1,3.63265244241,6.65381011495,1,1,1,8.66476694268,15.5435360106,1.16009039617,4.17124570627,2.24834824626,4.93112126169,1,1,1
"CD4..Activated.Fos.lo",1.36511228498,1,1.42215716187,1,1,3.63631416901,9.56887939368,3.58160827761,1,1.66872316247,11.0508137131,2.43353486423,2.95875854658,1,3.98614093757,9.63149365175,1.93527362888,7.08658105932,1.6667112362,1.91298609359,3.38472499956,1,6.22619886473,9.04419381109,1,2.99493259138,1,2.74262078314,4.84222895804,1,20.5933646703,1,2.4845252309,6.54519802098,14.6727101935,1.38436407911,5.51481313034,2.0161823622,4.17970746868,16.8106279905,2.11427632021,1,4.94205658088,1,5.05797664387,1.74745133731,1.39361650568,1,2.16146581685,1,3.4859227656,6.66709698205,1,1,1,8.14564292416,15.8597454399,1,4.36584616786,2.46795012776,4.63891035681,1,1,1
"CD4..Memory",1.30245852926,1,1.53216680205,1,1,3.12506377512,9.04876037897,2.72788359942,1,1.70368745405,10.5073474912,1.97919899762,2.58374293086,1,3.55516319369,9.33691935167,2.64139164358,6.47981143352,1.72280490014,1.46696661883,2.04504505519,1,4.93862486941,6.99620175623,1,2.8316393728,1,3.78372332963,4.30407471921,1,19.4782915881,1,2.31021349904,4.35501152717,14.4450469636,1.82278855954,4.42055948107,1.54085397407,3.43356069891,15.902027674,2.02201414411,1,3.90067680707,1,4.6552933316,2.2523544885,1.61265720027,1,2.29217277323,1,2.30281565831,4.94601999908,1,1.99557808065,1,5.41101206614,15.2820749416,1,4.35448182503,2.45924905987,3.68465110394,1,1,1
"CD4..PD1.",1.2673482615,1,2.11955539094,1,1,3.40446700701,8.34777315902,3.29405114879,1,1.40046550387,8.27632665004,2.63853518128,2.62398253911,1,3.87068447548,8.83388335459,1.87173274083,7.73589111769,2.80171488111,1.75872724215,2.83876523227,1,6.11826766811,7.94422744949,1.24547383042,3.37945192125,1.65828980376,3.29830019493,4.50350466562,1,14.9326100965,1.12265822926,2.97161524646,6.26796664184,8.92928014106,2.03619229982,4.43893968579,1.94384974843,2.55737240705,12.3634369243,2.75800682427,1,5.28357579565,1,6.27490986254,3.2193420402,1.88033705554,1,1.73072670968,1,4.8794226737,8.20751089497,1.2461122734,3.1631313458,1,5.89341126415,11.0308252119,1,3.91363281166,2.78494912839,3.01381670848,2.0390080507,1,2.60349845064
"CD69..Mast",1.6750025377,1,1.85706571179,1,1.24281768278,3.13677949579,9.59337619751,2.55594096025,1,1,8.96967001998,2.49536527319,2.95175789723,1,4.68982910824,6.9700179061,2.22901515942,8.21875488673,3.5721398551,2.41092277497,3.32894320949,1,7.86729300091,10.8700452647,1.93315070849,3.288469488,3.07784281642,3.89368637173,4.16447083235,1.4056241664,8.30031276854,1,1.10534752172,6.54489110003,6.69753555546,1.59166712241,4.65941051727,1.54713020165,1.62596123247,8.82816563485,3.51936840329,1,8.45882992084,1.66401197852,6.8021982994,2.85363381738,1,2.43837169619,2.04340080806,1,6.15869179655,9.37304001639,5.77944011264,1.67271029066,2.37127936709,10.7837718204,8.82123716877,1.83880439531,3.39339956403,6.40903647512,2.55188417794,6.94150562441,1,2.39507789639
"CD69..Mast.1",1.30043846948,1,2.46890053852,1,1,4.06374197567,8.08660772257,3.9954001222,1,1.24216731063,8.82422382633,3.35657411218,3.17435857849,1.13267212897,4.74939536892,7.0653696602,2.06308701883,9.11547640547,3.37586416384,2.17205913595,4.04947300374,1,7.95641787474,10.6749051112,1.34995926768,4.81300036671,2.08580326782,4.46106047243,4.80654023987,1,10.0778169332,1,2.24572801729,6.7330375742,6.37848715013,1.68527069304,5.07134414457,2.10731682526,2.92943490863,9.41326747115,3.91816243271,1,8.15224101774,1,7.16018724584,3.86478065496,2.295902358,1,1.26290309485,1,6.20402306649,9.34006284337,4.03940632852,2.19043062354,2.78452920545,11.5463983704,7.0421040455,1,5.67432946478,5.62050773154,3.67430418841,5.29247262521,1.20563028584,4.60400709978
"CD8..IELs",1.23858921262,1,1.61662826578,1,1,4.11030174345,10.0066950027,3.68760944756,1,1.7818516222,9.05374222104,2.86627363692,2.76167647974,1,4.0091789408,9.12201599729,1.19151631647,7.97816558035,1,1.57789539875,3.81156882981,1,7.09926948587,9.3331505466,1,3.49423715428,1,2.95629293667,4.7806907268,1,15.21832449,1,2.90407379966,6.52287820324,11.0571437452,1.11648620397,4.59831693682,2.64391187532,5.58609041686,13.8689326299,1.49238074573,1,4.80320076905,1,5.2857910649,2.82909893703,2.27499775048,1,2.18184093125,1,3.71536412487,6.82238874598,1,1.61253088858,1,11.7291536916,10.9715830395,1.7416308733,4.78021644404,1.50127876871,5.58173979988,1,1.97692126756,1
"CD8..IL17.",1,1,1.81227275492,1,1,4.49114207225,9.61121049519,3.48769218504,1,1.46621562765,9.24121099362,2.98022977816,2.49760506482,1,3.70345493736,8.34392361926,1.47590058856,7.33082587081,2.26952584679,1.27605572651,3.08465527673,1,6.87599636165,10.2453514825,1,3.1709952109,1.41529171598,3.31531691853,4.55985709277,1,14.0700920359,1,1.48278780237,7.2002595416,11.4993966822,1.46855979575,4.045551487,2.0293871144,5.1442554104,13.4378706215,2.63017221359,1,4.98510328304,1,5.54923866265,3.08382615259,2.02335780504,1,1.50259980914,1,4.36185478246,7.66871572523,1.49957708615,2.5930559556,1,5.89475283863,11.3060069646,1.82134461039,4.19472070829,3.22608104387,3.25968215436,3.06950994785,1,1
"CD8..LP",1,1,1.31731470483,1,1,3.27024177216,9.87646153597,3.33438714747,1,1.56479278382,9.61142754876,1.74948787239,2.64748615634,1,3.18035523463,8.63734989216,1.3345795776,6.59742868833,1.47846851825,1.51535546547,2.9344644878,1,6.59655626813,8.83215393796,1,2.8905282752,1,2.07383356857,4.79221873541,1,19.4633783761,1,2.588449125,5.03498318057,13.5212642549,1,3.6587155718,1.17681742985,4.62782149113,16.1000472514,1.4219674284,1,4.3905757195,1,4.55485911092,1.80474839075,1.59258867296,1,1.88637533824,1,3.06474651636,6.20907166726,1,2.02946936205,1,8.85378288742,15.7682145148,1,3.80088475611,1.38844693362,5.22677123168,1,1,1
"Cycling.B",2.11847680164,1.20769013983,2.33437098545,1.58327080589,1,4.63596955232,10.3636753328,4.83626142473,1.54861247271,1.85736251855,13.4970744143,3.70728005101,3.37905477665,1.53758910705,5.46461411915,12.5024764966,3.29089417748,11.8240510855,2.77248658857,2.58022053884,5.26657075534,1,8.71000581247,14.0102166416,1.89545368564,5.24953572053,1.32744999385,5.72621563377,5.94065113064,2.15675583115,13.1637081693,1.59707957163,2.75371470536,8.01701499098,9.57761933975,1.8077168498,6.36168750585,2.8365335552,5.85149964885,15.5807141801,4.01524109406,1,9.0848273482,1,10.3433617985,8.45913671562,5.08174517243,1,2.87038300496,1.14003364726,8.3742140005,11.0641981447,1.34523261514,1.25477449762,1,15.0159522593,14.1434090427,1,6.74514864859,4.06855980015,4.83021309418,5.690635115,1.43985415098,6.0255468667
"Cycling.Monocytes",1.84080966899,1,2.28150287647,1.39315723934,1,4.81609124248,9.73827627315,4.96779176162,1,1.75973000301,13.3382123704,3.58497644975,3.02736008993,1.81001443747,5.50264797345,10.6495932789,2.58283040297,11.3613700114,3.00696951391,2.48609441727,4.87090810671,1,9.70566842378,13.0722156611,1.662675272,4.90188409355,1,4.97534726812,7.51481164033,1.79495126817,11.1247123845,1,1.92573174094,10.2925621559,7.66854882283,1.94950016264,7.25941285266,2.46793775532,4.05866966047,14.9257790207,3.32158515324,1.1562447677,10.3011208526,1,9.67640589861,5.04994887679,4.07432571682,1,2.71455686752,1,10.3665248169,11.3070219879,1.85070854262,2.77383866908,1,14.5528279551,10.6743468853,1,7.1811844193,5.43813138788,2.4274509021,3.3953034244,1,6.48068239251
"Cycling.T",1.52677158534,1,2.03007629,1,1,4.45297986207,10.3754511526,4.07927189283,1,1.66990827417,10.3217331281,2.91315401371,2.88421292979,1.23468575085,4.32506713038,10.5288033608,2.19577856031,9.21820201377,2.29222949192,1.71863605722,3.71543278163,1,6.55433446834,11.0489498943,1,3.98998614734,1.15742236165,4.39969812659,5.51344126878,1.11575977121,14.3750815168,1.27516037629,3.55124894526,7.19875808824,10.7398300284,1.92539339516,4.75765408412,2.10600983655,5.94827830883,14.2767796791,2.7933983972,1,6.81368614207,1,6.71525041144,4.5393779012,2.99560176831,1,2.66025765862,1,6.04069161611,9.53266278787,1.29173705045,2.57098583331,1,8.9816137141,12.3024284335,1.28069774889,5.25610303132,3.15211628805,5.6770971887,4.34379884032,1,2.99175367133
"Cycling.TA",2.28603769329,1.48654293551,3.44196043466,2.06487455913,1,5.00482401644,7.68019430607,6.06047033133,1.84115145295,2.27128234618,9.06538254045,4.82940985352,4.55741450471,2.13000251274,6.95655577762,10.6323120632,3.08878373137,10.9905142843,4.77834560653,1.77354180122,6.10950756123,1,9.00623447362,13.5666199902,1.94892988479,6.65167866233,1.20795411852,5.82958179706,8.03201436094,2.50458388805,7.50585577365,1.8934758298,3.74982993422,9.9268461865,5.84241512448,2.718375685,7.19199479076,2.83737471384,5.36445530774,10.5657813799,4.53020790876,1,10.653572535,1,10.1077021829,7.77074011282,4.2928560478,1,3.54414928776,1.88335028059,10.360615237,13.5431683581,1.79313355208,4.34746566173,1,11.4977235901,8.04458937518,1,11.7209525431,7.21645126455,8.86853280879,6.19516414048,1.17116922385,7.30174537942
"DC1",1.46017754375,1.29419236028,2.15825114842,1.41943214537,1,4.61366090844,8.98108683508,5.18288659516,1,1.85508593462,10.9247331299,3.08346498036,3.07881064944,1.36197584736,4.50697425908,9.68142920666,1.63216594242,10.4436311689,2.38440498811,1.84537381261,4.3782246387,1,8.42003770445,11.4484910153,1.50594798433,5.16987530303,1,3.90050625908,6.25616545971,1,11.7427567766,1.67962380778,1.80822975232,6.70559375562,9.92831114293,1.70637089878,6.8431314605,2.02753822913,5.34940202052,14.8848083356,3.30240688379,1,7.31170268308,1,10.1365951277,5.55874556176,3.13569239011,1,2.71629027659,1,5.17355933183,10.6154652883,1.29508951155,1.1205614269,1,13.8342137898,10.6044432556,1,5.40380238169,5.61758619087,5.11442683396,1.95366383425,1.21061275548,6.12495284265
"DC2",1.51757325537,1.26964814626,2.15419966317,1.24683649029,1,4.32852408449,10.9516950269,4.42460186344,1,1.52477084929,12.9447541988,3.15098059315,2.88088909776,1.65327833751,4.54980698277,9.70673595871,1.94925743759,10.890047079,2.80372146655,2.5010998169,4.32103073811,1,9.72569152227,11.3016418734,1.85310236886,4.76222126852,1,4.70541623473,6.9373013966,1.22241033708,11.2310603201,1.35699229698,2.01272624773,9.28823136201,8.50339986519,1.49045145604,5.59244266455,1.84405893389,4.11990009978,16.9752389795,3.14241820145,1,7.36811191686,1,9.67199509063,5.21192332527,4.88696259824,1,2.21098298061,1,6.84039065481,8.19612087086,1.72465106547,1.60420640467,1,15.1453622238,10.7036956486,1,7.07164944146,5.59642452214,4.21833314343,2.06019094137,1,7.32614986936
"Endothelial",1,1,2.62139495682,1,1,6.340510915,10.0948653562,4.64371134985,1,1.25649297835,9.91180434413,4.6617966403,5.14944602779,1.25053546492,6.02861612806,8.14596949842,1,10.0248221136,4.27950605544,1,6.07799300191,1,10.8305603065,8.19937310516,1,5.84822660049,1,6.54444992138,5.61268319995,1.19161629791,6.02339398467,1.16952202141,1.54608004569,10.9949856909,5.60575837821,1.78567293252,7.90355719911,2.33728926366,3.03787770695,10.0142283886,2.74466508577,1,8.31958659298,1.9460993183,7.21507732844,2.94983888186,2.05372767851,1,2.75414751778,1,5.86843079022,7.92438937997,1,2.54152381726,1,10.7298213189,6.096825054,1,7.13597051113,7.3811460116,2.0107406387,2.09860496833,1,9.45038283156
"Enterocyte.Progenitors",1.72032921214,1,1.70879187349,1.48039850818,1,3.6278482148,4.80066196791,2.95475845232,1,1.87085595974,7.43529177178,3.27051742201,1.86560356581,1.46655712694,6.95576298729,6.87626846342,2.33465591432,10.1691042619,1.25931537202,1,4.89263513632,1,4.92223606524,11.6052828988,1,4.0643552137,1.50468640794,5.00489430959,9.20071381057,1,7.59554214654,1,2.13628197373,14.7311772174,5.133453671,4.56217914966,7.45361297237,2.59145086761,3.51065317513,10.0913927518,4.69820492347,1,9.46759028418,1,12.7787831898,2.75102004219,2.0768867946,1,1,1,18.3718687929,11.8970731972,1,3.57201096651,1,6.57204715727,8.58990102645,1,6.84312973457,6.65025191394,1,7.12231502474,1,5.6297255311
"Enterocytes",1.93177448148,1.1620615703,2.7867465565,1.84142779709,1,4.92160693216,6.55589555468,5.18639629588,1.21170865365,1.47327857629,8.74243128415,4.17474731784,3.6808760493,2.1063327599,6.81244671594,9.29695535595,2.86879322778,10.0343235875,4.39738494173,1.10851092732,5.47798600167,1,7.96609848524,10.8607469802,1,6.13679818129,1.3005980813,6.06848291914,7.53327317542,1.90977770171,6.46594172462,1.27533371697,2.84315940852,11.1822164616,5.19808272629,2.08269378438,8.08225553442,2.54131383281,5.2109921378,10.2832293281,4.12404646833,1,9.13885670752,1,9.28354228005,5.35730080989,2.33099402513,1.42487651043,2.87137968594,1,9.81810014785,10.3794910348,2.23053489235,2.90450055083,1,9.10933808852,8.20504638932,1,10.3835003381,5.59283329551,10.1156300051,4.0125263514,1,7.43758365314
"Enteroendocrine",2.5151894599,1.53153637183,3.47121022528,1.98959261631,1,4.90912432108,7.08047643408,5.54798210588,1.72615752552,2.31671353189,8.10293081241,4.52068925513,3.99294753553,2.24650168694,6.72383896811,9.29943003535,2.86845925475,9.94619923492,3.89654478227,1.6440365166,5.18023216482,1,7.50797222971,11.516868518,1.93027130193,6.47284200258,1.36977844828,5.2262757457,6.94630548069,2.45106403422,7.20487616207,1.58106059035,3.48626027141,10.1048426637,5.93339105939,2.89145890891,6.71782675352,3.26956761119,4.65187088965,10.0224623348,3.78961010655,1,9.06972798192,1,9.01388154884,6.45833881629,4.40342883975,1,3.06475176125,2.06850574423,10.6628186485,11.0486596473,2.16793616807,3.01214534307,1,10.9032086903,7.66497415294,1,9.87688200048,8.7882762208,4.61209241874,5.22053390872,1,6.65676558883
"Follicular",1.31375080736,1.11621182494,1.38490521387,1,1,3.98037272514,11.1892945637,3.00677194928,1,1.12806648345,14.4982668132,2.97822632818,1.99327948229,1,4.10604739927,9.47110892711,1.65155144382,8.84861254688,1.95566907976,2.51448040522,3.83621360667,1,7.11010896356,10.4887091945,1,3.39032628379,1,3.83793346619,4.25485824139,1.28836124985,14.6631099608,1.81823123598,2.10680254564,6.71767927946,12.9071329984,2.18568558931,4.65882956439,2.06702660763,5.89599993397,17.6037943609,3.01335430428,1,5.94200974794,1,10.9833548794,4.12759620464,2.33179858203,1,2.8371117362,1,5.24995415732,7.60507332392,1,1,1,16.880885404,15.5536189316,1,2.79691710753,2.05387530464,5.11909998579,1.99233237505,2.64167070558,4.41105041397
"GC",1.31048224603,1,1.88556289056,1,1,4.501478143,9.14301250934,3.29044100633,1,1.20882286721,12.7029351399,3.16400688794,2.73221010565,1,3.74396074955,10.8511792405,1.816774571,9.8422670876,2.00649154395,1.96822753018,4.16161529351,1,7.68696881341,10.2866274924,1.42583826367,4.14917363406,1,5.27258634397,4.6517044948,1.69186780503,13.9221683238,1,1.1439752954,4.65785984687,9.78842034713,1.67589996936,4.6030185342,2.48801403855,5.50928549756,14.3513439049,4.13478472957,1,6.50740641168,1,9.49121089223,5.5074538693,3.03609336307,1,1.58880415457,1,6.27842540778,9.0114555021,1,1,1,13.9493764761,13.5620276249,1,4.15102901722,2.88316843809,4.391366363,3.10195971403,1.82970019897,5.42893973924
"Glia",2.15395755092,1.23548946433,2.6403496962,1.57514059778,2.03561387344,3.39971803558,6.74957831534,4.99178897676,1.1232816091,1.98762980755,11.4519113289,3.88866179098,4.63076123611,1.66782023571,4.02008225542,5.60180467663,1.8565611001,8.03544273556,5.95945952111,2.76080253143,3.46048759525,1,7.41117167166,9.12332796853,3.06802812253,5.48071912958,2.14832150713,4.9746115234,4.77510451811,1.66285096403,5.897149403,1,2.53147500878,10.6956674577,3.94168809092,1.93916836066,6.50632654907,3.4620492512,2.74782580796,10.1907454265,3.45848667164,1,7.88717381423,1,5.77139296469,1.8350972926,1.25267876464,1,5.52412827103,1.32294253521,7.7927584738,8.18319526992,2.23363598476,2.08342100898,1,8.67505837017,5.86245711738,2.6564108981,4.12996868929,3.11220013974,4.97801640402,1.27300088828,1,10.3415897249
"Goblet",2.33446284727,1,2.18369193614,1.6366250308,1,4.93861070632,6.17345260307,4.50714260753,1,1,7.47964723664,4.51624051748,3.95945535141,1.84372510245,6.69078414244,8.61669898504,3.02499657652,9.6594377349,3.49432309895,1,5.57834205449,1,8.64508469784,10.5149394258,1,6.32300611449,1.5520973889,6.92706423804,7.2594184963,1.57797522281,4.89266000567,1.47763252791,2.17692953759,13.9706878725,5.62279844365,2.54154181496,7.01386830783,3.22897468196,4.79114993867,9.00088005212,3.4561227298,1,8.13961805888,1,7.92341184564,5.15044122555,3.74290180899,1.18990044909,2.85049352182,1.6335903731,9.4574603345,12.3633544885,1,3.4189219579,1,6.24422833834,11.0984206462,1,9.85945286689,7.81376939045,10.6059016894,4.99751468457,1,7.94996830775
"ILCs",1.11176252335,1,1.4730986298,1,1,5.38297320448,10.0714851297,3.45080846998,1,1.71739413035,10.6315637161,3.01540194283,2.94622367157,1,4.41467585144,8.99355042446,1.24661344908,8.09111459022,3.21783284531,1.54788122456,3.25437801815,1,5.83986856822,11.2179294201,1.58561120852,4.17110575162,1,3.360277808,3.83880546151,1,15.8802069775,1,2.77944175208,7.34402945023,12.1935317254,2.00926107361,4.73012970402,2.61193181251,7.89466438164,14.9914888165,3.16697249954,1,5.67627036933,1,6.4074088786,3.6602994886,2.22274177513,1,1,1,6.75485811069,8.06013925593,1.12735946208,3.81627975819,1,9.95769128995,13.9713911046,1,4.83506509825,1.85357508346,7.86574182754,4.82901132831,1.47046795511,1.84058045845
"Immature.Enterocytes.1",2.03105741287,1,2.37635053356,1.84682858402,1,4.90384896248,6.34550504393,4.50607800885,1,1,9.36930945171,4.10985884014,3.57605816823,1.63992499229,7.02606867867,10.4648673207,3.56412542632,10.8482708745,4.7735875388,1,5.38641093699,1,8.3166217755,9.83333684013,1,5.95273889692,1.38952773414,5.9339611749,7.44024744963,1.33892630041,5.12764590218,1.45883917551,2.53385583333,15.8243309641,5.39583619615,1.87620124847,8.3045901246,3.3858457436,3.43902504842,10.2078454307,3.54727701797,1,8.86137782511,1,9.67710287738,4.91955956238,3.50375716162,1.13767727388,3.18727508361,1,10.546533667,11.8231238565,1.95188036539,2.87215030487,1,9.00445159849,10.0753841774,1,7.5457230211,4.8735549732,2.35591719682,3.53915394005,1,5.73718188526
"Immature.Enterocytes.2",1.96298704577,1.28664470944,3.094431114,1.71598158245,1,4.95643143992,6.84684471252,5.18357364201,1.42840734355,1.82753810797,8.33982293163,4.21503512722,3.97972044088,1.99687270826,6.63821772131,9.97594460012,2.89279034292,10.3787610264,4.58850685202,1.21488267297,5.31035171551,1,8.16168271522,12.2523875364,1.50705697022,5.88069630864,1.31624742392,5.66365791891,7.30044243181,1.97903274358,6.91770849906,2.05717069112,3.36766319092,10.0335560193,5.35904900537,2.24685346186,7.03528346238,2.63459287588,5.54526730563,10.1596762304,4.37777726865,1,9.62793809309,1,9.53421387741,6.64532723685,3.83054016563,1,3.70916179628,1,9.42182420813,11.6011451666,1.89776857953,3.71452112707,1,9.24990712718,8.53669098848,1,11.3911368748,6.06342007676,9.86816987841,4.62368437399,1,7.37053785792
"Immature.Goblet",2.04046270093,1,3.27265741379,1,1,3.72559361855,5.74933419866,3.88655372126,1.20206927683,1.14191586021,8.09381652298,3.06804209581,4.10217884045,1.5524457918,5.65092928911,6.66271378568,2.17819581702,8.33037463276,2.73250751572,1,3.40270017156,1,6.07433722322,11.9749674729,1.50607032725,3.9307465762,1.42248551375,4.58385691596,5.86541886053,1,5.57499618635,1,3.58324402455,11.4527270393,5.5050388044,2.0753701247,8.03803720241,3.08477048871,5.02642382343,9.21302985122,4.14016010258,1,8.11335158531,1,8.78157446444,3.84073343279,2.08480931399,1,4.19177111418,2.32273793462,10.8233886375,9.11208974298,1,2.12133157106,1,7.5273290028,7.39963996923,1,6.81179821209,9.54568051651,7.04262231077,1.97137303391,1,3.18088598068
"Inflammatory.Fibroblasts",1.56368655907,1.10544264236,3.45637942047,1,1,5.34971450874,8.4798625613,6.85939091113,1.22737668236,1.73335405137,10.0960265006,4.84018377668,4.65883059776,1.20539670038,6.10101049808,7.00108081237,1.76431628789,10.3595342119,5.01925256454,1.49717625941,5.29011907298,1,8.73377342825,10.4815972977,1,7.97714371457,1,5.52246019964,6.97000260649,1.56233920146,5.57202259941,1,2.21949350192,11.7718383422,5.61643694673,3.13553451519,7.21253072549,2.01375582397,5.38531480509,9.99394335772,4.44182261151,1,11.1034914125,1,6.6742803705,4.99860291907,4.2540675449,1,2.81976603108,1,8.38920791807,9.87001172234,1,4.37673512158,1,13.4285364425,6.66085067064,1,5.92669228436,5.90280427247,4.22612358848,4.51910757036,1,11.1832395603
"Inflammatory.Monocytes",1,1,1.27793198,1.18976886792,1,4.61301520865,10.2235772694,3.93429457683,1,1.71717898302,13.2882733551,2.68118261154,2.12529646261,1,3.38452027421,7.71241991629,1,8.11465575366,1.74967929524,2.99684378077,3.11079641309,1,9.55057008026,8.14593774478,1,4.13455519654,1,3.36768368894,7.34339459348,1,9.78013082584,1,1.85563703835,9.06473863756,7.59897209695,1,5.4186020962,2.37816540483,4.81367964737,14.9324199156,3.0064927289,1,7.17219975392,1,7.31865074274,1.86134035911,2.69904884725,1,1,1,4.90808685821,8.48282956038,2.49120433961,1.76045451488,1,13.4855187207,8.74567196863,1,4.07148657432,4.30026293859,7.02082307073,1,1,5.39778800011
"M.cells",2.32347471064,1.27072006815,3.21375744854,1.79846384566,1,4.44345250213,6.94980606871,5.10198454371,1.28075039423,2.06574817901,9.23303572969,4.32811144618,3.91719557422,1.76013109389,6.22512717998,9.00726274631,2.69061722261,9.91826545684,3.76441794332,1.21513248711,5.50255715288,1,8.30164858058,11.6950957138,1.5024859831,5.528421908,1.40947739431,5.28962016314,7.72054428337,2.29874797183,7.81839619879,1.57546453405,3.04026998333,9.95736334849,6.37997723176,2.4949486963,6.68639842639,2.80486140314,3.87474054317,10.8143833522,4.28137083109,1,9.15985192027,1,9.94381448513,6.20454993983,3.33145105876,1.89258823185,3.03886491943,2.24892912555,10.0852606164,10.994520365,1.90410381396,3.30748095743,1,10.5716694188,8.04208586998,1,8.601040142,6.47769520501,3.98764632681,4.9750611273,1,6.03327326421
"Macrophages",1.4374885439,1,2.03483193104,1.13270318679,1,4.51486565635,9.26449146321,3.69171415113,1,1.30985883748,12.5782341133,3.66787497016,2.69743572162,1.76659200386,4.76115291929,8.0095547733,1.75746910325,10.5518451518,3.00806834832,2.07608003522,4.11897240392,1,9.63029547827,9.51379332774,1.44176786723,4.10706023394,1,5.20634062775,5.72001874737,1.58401218362,11.8652507056,1,1.40910381624,9.10760474388,8.62732404193,1.47025386248,6.17434954847,2.19329772546,5.10833134705,15.4144275752,2.64540598083,1,8.76472282071,1,9.23600619093,3.95076441137,1.93707850848,1,2.06473702865,1,9.19624314418,8.71058557152,1.23759958409,3.66209048624,1,14.9249293219,10.5810049033,1,6.45412251681,4.76510130577,4.13768687908,1.56493606533,1,6.20513952985
"Microvascular",1.47484969213,1,3.34718186234,1.48993443643,1,5.54208941227,9.90370850432,5.77080843545,1.25369659241,1.68962577262,11.4607995998,5.09722685193,4.73289736492,1.86150268807,6.76316222272,9.83248101691,2.01523831639,11.5750049289,3.97000002146,1.59182707078,6.18981555563,1,9.95014841068,11.580685055,1.78282699413,6.67893159561,1,5.69325172034,6.95194225801,1.64549882697,7.02695115363,1.2013988948,2.59514989103,10.0546037447,5.69305309432,1.78565954558,7.02373668229,2.52870900425,3.3051729199,10.8098289621,3.29037676944,1,9.89802245611,1.42789117521,8.04987918087,5.02839176801,2.90494568591,1,3.54519758721,1,8.37532961171,10.4581946672,1,2.31418938587,1,10.8022504279,8.24373252393,1,10.2732312561,7.04136254058,3.32539798163,3.26023063928,1,8.57706704313
"MT.hi",1.11003829189,1,1.97004485965,1,1,4.36683145183,9.33409769278,3.15233565925,1,1.64689669301,8.5889118337,2.06459478941,2.50364542653,1,3.81425199739,8.82463449355,1.99665765158,5.67315226253,2.66367592335,1.19711078269,2.85314713125,1,5.98670713062,9.11921405919,1.34495939548,2.76131509423,1.18096637185,3.83387023201,5.31936316453,1.23183253871,11.7502026386,1.16538875659,1.93618458087,9.20349410916,11.6381890016,1.49957948198,4.33459713111,1.87746396181,4.02671151621,10.1778251796,3.02290163801,1,5.5361119369,1,6.12406610203,3.20365128424,2.43942369957,1,1,1,4.91073512983,7.9935565746,1,3.42751005626,1,5.11414290728,9.36474953727,1.8771925406,5.09248400574,2.82735210642,2.28516966618,1,1,1.7650715491
"Myofibroblasts",1.82221010341,1,5.22879994375,1.10763590732,1,5.84490898274,7.42888604195,8.1998341757,1.63687409049,1.43541842352,10.5781100311,5.90465853073,7.1069014657,1.41004486127,6.47442379221,5.96608740339,1.36255037199,10.4795379887,6.94928506137,1.91769950454,4.87282999112,1,8.5842710978,9.12123113861,1.15612861122,10.3705319902,1,7.72053344453,6.15666555448,2.9081774234,5.61148281435,1,3.58617571129,10.1774711495,4.24218862707,1.69589337527,6.64328591116,1.4247589379,3.73565592158,8.16452476757,3.53163023761,1,11.0124305295,1,6.16118181513,4.34785501208,3.49899831503,1,3.16759703967,1,8.89782186873,11.0328391577,1,4.78578198466,1.29569604701,10.4158992963,6.38840621367,1.23770574713,4.5826058654,6.59974758343,2.13077415556,5.28116511767,1,14.0163323694
"NKs",1,1,1.35969861624,1,1,4.20782419086,10.5977697053,3.48213123015,1,1.45869103839,9.02250252663,2.25990896416,2.52699688988,1,3.34989834257,9.38819275484,1.12763758459,7.37592733609,1.89120639938,1.11033167059,2.63912583779,1,7.16863248071,10.1026677008,1.12059187298,3.82651392639,1,3.48653422234,4.30613102963,1,14.583546776,1,3.47316190369,7.54897931745,10.5757498829,1.14103958406,4.020953231,1.36647961344,5.61297903109,18.5341002075,1.8245239935,1,5.22772882062,1,5.91088185226,2.17020611715,1.52918128342,1,1,1,4.15630982841,7.45031579333,1,1,1,8.12892748223,13.6217569273,1.8650500959,3.3235166601,2.48030794568,6.98747031312,1,1,1
"Pericytes",1.54117853249,1,3.22173136877,1.45168107847,1,4.7168673409,8.53869381887,5.99707369338,1.33933499693,1.10300330478,8.43888496582,4.54143598811,5.22900552981,1.94848631127,6.77397892144,6.3536278976,2.3387205368,9.54426376644,4.67959272044,1.52011478736,3.30630503062,1,8.56171379409,9.06178570275,1,7.57921641519,1,7.67354052242,4.07732420787,2.95502230566,5.6694543574,1.75511457092,2.10802186026,11.5907177013,5.08109725018,2.6488002222,5.37822224888,1.43648462615,3.52487447211,8.25743217139,3.55991373304,1,12.2693584981,1,6.57494431893,3.41462839652,4.22213726874,1,1.59377702653,1.2656612828,8.93298298392,11.3413657788,1,3.53099884984,1,10.8928400713,5.9535124713,1,3.11904681636,4.53628303385,5.4769550718,2.72688659119,1,11.6945341165
"Plasma",1.9704323646,1.34791298788,3.25352104416,1.70034628952,1,5.48073948578,10.0214583261,5.66747463683,1.5297021183,1.72441150378,14.3569761868,4.92163207194,2.89725452433,1,6.39185239147,9.59092077599,2.45773333522,12.4180175211,3.29924885292,2.16966720331,5.11418735222,1,8.49497543479,12.8881429766,2.05729031922,7.07770911831,1,6.17742950115,6.71744804633,1.81146519254,11.4480858861,2.68550640689,2.94739328745,8.93405186027,7.6074861087,1.27855159692,7.70953159615,3.31767099665,6.35303633685,15.770933304,2.87196492442,1,9.20214999775,1,5.84638693862,7.94397864121,5.97843247222,1,3.14399098185,1.1325461042,7.56377447013,10.6859272247,1,1.11548959087,1,11.4762865115,13.4465266168,1,7.07762550664,4.32425716896,4.14804122813,4.36982563798,1.45026117904,7.85151617615
"Post.capillary.Venules",1.4085012637,1.18121473805,3.35780130008,1.2020658288,1,5.15633384273,9.66231834837,5.42762967938,1.27383554116,1.35552283783,10.5359272961,4.8844891383,4.82851390359,1.73768995847,6.00857284946,8.836770935,1.47095820424,10.8348533026,4.17139163491,1.16303399033,5.48100436777,1,9.75706159188,9.97333787345,1.23238872823,6.91575125892,1,6.31642952618,6.35511660182,1.6840727827,6.49359572525,1,2.52893787532,10.4552365982,5.31705792532,1.9357512448,6.56586117237,2.16103709523,3.19043617826,10.47670389,2.95955123875,1,8.3708874662,1.46387779004,7.36150523197,4.20367214059,3.00231026358,1,3.07761111864,1,6.00952178623,8.24745537171,1.71762550983,3.36921274733,1,11.0073479024,6.3469444593,1,8.09158287176,6.16939270202,3.10020191281,4.34498734673,1.58001347461,6.99533002066
"RSPO3.",1.47322575751,1,4.44393408511,1,1,5.85220715421,8.6759555736,8.0743592861,1,1.76798343973,11.1417216822,7.19984826351,5.5584720277,1,6.48492973846,6.923815,1.28685494948,9.33401727955,6.09251012131,1.58943260543,5.85514392215,1,9.47271499203,9.60260738828,1.24473055952,9.42914140091,1,4.20855715156,6.97707989869,1.65828115221,5.46796675223,1,3.20872905482,10.9768053205,5.11951801082,3.37499221826,7.74593221121,1.46884301171,5.85593820091,10.5200057604,3.95950090361,1,11.5720563491,1,6.89336819928,4.1388744541,3.5091470428,1,3.51059019348,1,8.06366373042,10.6319183095,1,3.19988564802,1,10.7134045873,4.49402736084,1,4.90656004082,6.02091738883,3.59873075486,2.86917024744,1.36871954414,9.59301872812
"Secretory.TA",2.4354649518,1.53546685604,3.52975471293,2.23587202354,1,5.26900716059,7.70849423715,6.2920891022,1.84081742104,2.27618038625,9.40389014542,5.01589045823,4.64690817565,2.39640554094,7.37260666573,10.8875513174,3.19033969901,11.0920674462,5.08341415116,1.62874624269,6.11865214433,1,8.87076802937,13.7644459697,1.93203223557,6.8082604747,1.41575999596,5.64004020041,8.05834272058,2.62534539415,7.53189078943,1.92420505578,3.94537364874,10.2300835205,5.94761962875,2.80374406739,7.21943743618,3.19579588597,5.57510801121,10.7602279887,4.23733509212,1,10.3014782215,1,9.95664699398,7.66671105051,4.81284043004,1,3.90018263408,1.89759081378,10.5200611545,12.9441451771,2.24796724682,4.30008524842,1,11.6328204084,7.57291912586,1,12.6812010394,8.13318976653,10.4198818831,6.18357445182,1.40688489101,7.03108304778
"Stem",2.41368183319,1.41973514749,3.39804992679,2.12156041128,1,5.08621007741,8.0607916295,5.94996256993,1.83567579247,2.17442276217,9.33157372685,5.08843054971,4.16312463543,2.57097899259,7.66534040294,11.4948722596,3.21697260026,11.1407455162,5.19411333986,1.6676516675,6.09285150846,1,8.7399930183,14.7353729692,2.01691706336,6.37924273644,1.31530541787,5.57719189341,7.85805206073,2.42532343066,8.17049596261,1.56719426337,3.78508070664,10.055564751,6.02699913759,2.72198092449,7.43153476862,2.74563522462,5.00483948171,10.8223571521,4.27506444996,1.14118233773,10.1810185493,1,9.42288733888,7.72100744372,4.36741716806,1,3.81696109177,1.89541067953,10.693918654,12.5003164068,2.26038576927,3.44176581984,1,11.8048296614,6.6528598642,1,11.9539075511,7.5784851328,5.81101273238,8.13563285369,1.57474521385,5.94720508498
"TA.1",1.1358260312,1,1.61976096637,1,1,3.34241021974,4.84448158882,3.24962839503,1,1,4.10095413876,3.2767558876,1.6356174152,1,6.08958232029,4.70971301264,1.13797231743,6.60550286974,1.10732296452,1,3.39720183568,1,4.75685228681,4.07359783956,1.79372280534,2.56481624407,2.28638767828,2.97985127622,6.77098792713,1,4.16377115432,1.29482435183,3.26181374109,13.5560640218,6.17242319876,3.21745099327,5.47265922008,1,4.64390145424,10.1833763868,5.90164889416,1,7.10525286602,1,6.58361930745,4.20133147705,3.57154357908,1.25873002057,2.98070144262,4.60125418302,16.5002215188,8.682529011,1,3.45337379922,2.72620687379,4.47461789714,8.97835607005,1,6.23909234044,3.36403071255,2.15653413129,1,1,1.30957758087
"TA.2",2.14335022456,1.33309195111,3.4365126758,1.92193659575,1,4.98142381034,7.57520362049,5.85024503182,1.62147302367,2.09581750759,8.799765485,4.69346918078,4.53013478077,2.03608571945,6.95029862898,10.3630474224,2.89377753814,11.0099967158,4.9205681095,1.40367651254,5.70647419562,1,8.45095214871,13.3528365781,1.7391976216,6.38747976388,1.16188720859,5.62677960163,7.80252290067,2.31848778551,7.53172171773,1.99403156483,3.7621098034,10.0203784165,5.83597649282,2.47765314245,7.09245018027,2.75766204725,5.51819734307,10.468712402,4.31683537616,1,9.93794371682,1,9.64526997564,7.20702178868,4.15685275133,1,3.77203857578,1.60677821043,10.2371847623,12.7556352868,1.73153593673,4.37113583655,1,11.1957017023,7.88621682271,1,11.482164295,6.81864246577,9.64025024834,5.33390717856,1.19897304947,7.60770171956
"Tregs",1,1,1.65928702931,1,1,3.50435708751,9.73514306762,2.87364525581,1,1,9.50970233578,2.08298539737,2.66271821707,1,3.12978892986,7.43149182254,1.62886142045,7.32634128539,1.8434605996,1.22964659152,3.29848297648,1,6.47688409612,6.89156420648,1,3.01829141702,1,3.98033129992,4.22485792329,1,21.1959491979,1,2.82967775519,5.87256503562,13.3992431363,1.30367364854,4.74464720542,1.76089407603,4.7724569558,17.5121271725,1.85293357162,1,4.68143007782,1,5.79956642915,2.61246647592,1.54409419511,1,2.21478837908,1,3.0777188756,6.03993982006,1.19869556662,2.29622721878,1,5.49840528096,18.7702546836,1,4.69974801396,3.69416022366,4.72707987554,1.59138922027,1,1
"Tuft",1.87504329244,1,2.41807229359,1.16271883081,1,6.44754372292,6.86808766907,3.56935730823,1,1.59197002419,7.41093877546,3.11232877527,2.94700175378,1.8201375745,6.5703192584,8.2541024946,3.07627841037,8.71948636425,2.1470041089,1.13324664334,4.40580710017,1,5.84636210225,8.73196544659,1.87189324007,4.36218492656,1.54900015203,7.19883855035,4.82103964215,1.18564895687,4.67069799989,1,2.58074201926,7.63608230036,4.61826261019,2.60938060929,4.9089535158,2.69848337841,4.38182605736,8.9151615702,4.52424650701,1,7.9685136434,1,7.47930760383,7.02102636668,2.13247546986,1,1,1.61931688472,8.46508621135,10.4553144757,1,3.94139413147,1,14.0732215262,6.12154019867,1,7.32398948791,9.4198810013,4.3232023291,5.06442138724,1,4.37829685618
"WNT2B..Fos.hi",1.6254104603,1.13886231181,4.57617414198,1.56833856266,1,5.32544746191,7.76888228108,7.76693837837,1,1.70273452848,10.7234949952,5.99527584377,6.07526348741,2.01174287903,7.74293774401,8.04216774212,1.8914604334,9.83534929462,6.42334894621,1.70815946127,6.1624192288,1,9.90972079212,10.420937918,1.22477789134,8.66443186709,1,5.90387905714,6.15012475995,1.99213449391,5.81957584748,1.23654054266,3.27840039116,9.47317622844,5.42107032217,2.74596898733,7.49393977294,1.83917270832,5.78956764887,10.1936514074,3.33277263116,1,10.225412361,1,7.46809889864,5.2193506363,2.3828164554,1,3.56935154553,1,7.28797176817,11.224516975,1,4.17300245058,1,10.0173239192,5.39119327918,1,6.74372189182,4.8135162182,9.14804273798,3.45836389422,1.75040688107,9.91753017216
"WNT2B..Fos.lo.1",1.69056402268,1.17536083158,4.65072083825,1.5025566301,1,5.36158987125,8.00711447805,7.72118885985,1.15449014516,1.72917192741,11.0797653605,6.04754649275,6.08977167885,1.96198277092,7.84178683155,8.49588224612,2.09208680607,10.7335226914,6.49479673038,1.89684562891,6.01652168856,1,9.64705939545,10.8667022867,1.31252158778,8.78915846056,1,6.02412148844,6.36896620054,2.33909878564,5.78680899595,1.48542384482,3.32416491212,9.74833807837,5.14865201911,2.74255297703,7.99733751946,2.17606113478,5.21835975813,10.1402638553,4.06378605805,1,10.6727046494,1,7.89383757432,5.24042181677,2.56403862032,1,3.77657676941,1,7.99692331458,11.5736513136,1,4.10196989669,1,10.8351976747,5.79903838235,1,8.14244976469,4.75792547331,7.4955441464,4.45176006162,1.7501059866,10.027661433
"WNT2B..Fos.lo.2",1.43831768521,1,5.09722221146,1,1,6.42197025028,7.54760818344,9.37766155645,1,1.50833329869,9.8329544069,6.56717466612,6.54013528633,1,7.57986984036,5.71613788662,1,7.87943154362,6.01616467234,1.29839868594,4.47628624856,1,8.26179817361,8.65489852187,1,10.8781227457,1,4.1935460995,5.60452523044,1.89985271781,4.41014139209,1,2.70816880623,12.8892288218,4.49282812268,3.93382997201,7.63785936436,1.23697910011,7.6401474202,8.76392149331,4.11233827054,1,10.7145555158,1,5.86072852919,3.20596609699,3.67554691071,1,1.11342071859,1,7.73017700024,9.78094658917,1,5.69446631346,1,10.7998314235,4.51469500918,1,4.9644648148,9.82598667938,5.79102145306,2.04243575271,1,10.3657493864
"WNT5B..1",1.72810613893,1,4.61071275795,1,1,6.23854927528,7.18098312021,7.94278930246,1.23064860628,2.21357035229,9.59015564727,6.11644060709,6.06103955502,1,6.90930978244,7.71152396877,1.51921792933,9.85027119642,6.85515762897,1.57653134583,5.06215323789,1,7.97100367179,10.4494349856,1,9.68014928307,1,5.93928899621,5.49125760289,2.67442040483,5.18356969649,1,1.99181499252,8.67445969468,5.14236716782,2.35894906846,5.86214078167,2.92053368666,5.00389027562,10.3248543333,3.80795795049,1,8.10633096311,1,5.8848131872,4.13738019691,1.8169003132,1,3.26702151037,1,7.40274705931,8.62460816283,1,4.27131989241,1,9.87526278454,5.76888458834,1,6.86476829915,6.03189612416,2.47707048951,3.50964832463,1,11.5623272526
"WNT5B..2",1.71358678038,1,5.00134453612,1,1,6.32607519405,7.10991841465,7.75569271834,1,2.09523791398,10.2834702659,6.16226015343,6.32671148879,1,7.46006235343,7.57622122417,1.30134299857,10.5968505816,6.85400555818,1.62087461078,4.94421370523,1,7.86670570728,9.78567893375,1,9.92020438728,1,6.01695786931,5.6024266707,2.54786452891,5.00536081963,1,2.33782735378,8.58556943895,4.86638343873,2.68851675201,6.08925591555,2.8057221892,4.81575770971,10.0721075046,3.89877230036,1,8.78880040509,1,6.18813328273,3.84454721957,1.55721770484,1,3.24288560635,1,7.47324648994,9.30327478076,1,4.73534020163,1,9.45264225443,5.59553505416,1,7.25057407937,6.02376276356,2.1652252553,4.81900905941,1.79643270731,11.8412210924
