"","V1","V2","V3","V4","V5","V6","V7","V8","V9","V10","V11","V12","V13","V14","V15","V16","V17","V18","V19","V20","V21","V22","V23","V24","V25","V26","V27","V28","V29","V30","V31","V32","V33","V34","V35","V36","V37","V38","V39","V40","V41","V42","V43","V44","V45","V46","V47","V48","V49","V50","V51","V52","V53","V54","V55","V56","V57","V58","V59","V60","V61","V62","V63","V64"
"1",0.00440391304702338,0.424074082099595,3.29811336016082e-07,0.0295419356450109,0.0230695203417429,2.32677403040603e-12,4.57794799311916e-18,5.74161986889698e-12,0.0472921273804169,0.0521607617799456,5.82991179377695e-08,1.85435404076014e-05,2.22501357334304e-10,0.0223453616604777,3.35652313681432e-21,2.90102416094006e-16,3.87071866441186e-06,6.51912871300915e-18,4.74161543534009e-08,0.694587181515004,2.06800102488097e-11,0.752278547932343,9.89360383665039e-15,5.60898075491885e-12,0.199159465359006,3.48306164882571e-08,0.471511661261496,1.00078459011652e-08,1.40480246285705e-11,0.0746115025317694,4.11758658039088e-07,0.372795128427302,0.00449354970992529,2.94388719719785e-08,3.09136567672618e-07,0.0143241066648633,7.69328306476945e-11,0.00132000604153774,5.38525922140402e-05,1.70442682437802e-10,2.12441859615288e-09,0.234701496370205,1.85237796528767e-09,0.0223346938696202,5.79665546088245e-13,4.7298635884633e-07,0.103234103948889,0.711311316628522,0.00375818065495205,0.740013535105065,7.24817197223802e-06,9.5839322449754e-07,0.175345109921201,0.0110312867708495,0.43153015087239,2.57921647489282e-07,1.30995518738568e-06,0.0199251087408379,5.16846852083876e-06,6.45780348587841e-05,0.0326018569612049,0.0505400289988925,0.570111247892029,0.00225156217466971
"2",0.456945684577473,0.471840537916803,0.258662613733523,0.463085937326912,0.00272759705679565,0.00979469350735821,5.16320753387144e-08,0.000587677234302725,0.265135204098601,0.244808850021525,1.8520715587576e-05,0.0123622655944996,0.00295629358302836,0.686025327073919,0.00185668256461075,0.000960060397131969,0.620265458888015,6.02013430089191e-08,0.271780775985158,0.130841135451308,0.0279657411072518,0.00164135509421737,3.8637475171806e-08,0.000518773380095418,0.383808371921367,0.000210158069078573,0.417764649461135,0.0950348740821889,0.000602607964975817,0.527791711598129,1.58894531067419e-05,0.642281370869977,0.183093174099105,0.0155352521698072,2.24222170820641e-07,0.921251883881594,0.0303673937707565,0.336814566069749,0.181318680866219,2.8267205614095e-10,0.105653215043159,0.754477517751575,3.84015422090489e-05,0.608578067339662,3.01114167634751e-05,0.0866046412568383,0.548272779231607,0.00295588029971236,0.313571782710242,0.673251526834576,0.0550790077947352,0.000149120606465324,0.274321075186132,0.806181545230775,0.823246420218238,0.0139395075196042,0.00023768507448827,0.893620924329268,0.0658811120419932,0.355639654023415,0.0589204487623605,0.75223670731425,0.209455445981776,0.622665455154219
"3",0.400070324390738,0.497241749179275,0.311040534462342,0.40009662486798,0.013323816274777,0.0217700886118684,5.56563680848729e-07,0.00212749156672052,0.446963472020004,0.20138010456102,6.37994061413636e-05,0.0251234732145337,0.00245683668334636,0.462727640752501,0.00107284201149689,0.0012681157003173,0.380705909207723,1.23000657679371e-07,0.295497900295165,0.157939908121487,0.0383061468624376,0.00197676210744385,5.34689709091589e-07,0.00142380483968842,0.443124941039299,0.00106069070602308,0.483830975098974,0.129642196399869,0.00109115960758958,0.556646079889183,1.52036233307669e-05,0.49997581484417,0.214508090930366,0.0204929832868661,1.25833617036402e-06,0.576216904556455,0.024934263956027,0.200107479352296,0.233993821921283,2.375846634614e-09,0.0511410838646339,0.802813737207259,5.61260097366724e-05,0.535204108648075,4.94434152730358e-05,0.302958323648855,0.609439816176826,0.00362458617224789,0.356356424794,0.531913523935882,0.0281280034357342,0.000176774055547012,0.355755875169082,0.979093546896957,0.826245444431229,0.0365264093876795,0.000319703765785506,0.967244853934844,0.0500861332314432,0.274736466255589,0.101524520077866,0.707755973959197,0.278251225276199,0.655179171871491
"4",0.531889126116679,0.351457826637743,0.159534011191596,0.0479201499375639,0.00293193882607344,0.0249008053256867,6.52561711020227e-07,0.00175528758688217,0.614851516093722,0.184611419992393,3.80705214764072e-05,0.0703972014024359,0.0130470468847166,0.138800262426797,0.000536781210156503,0.00205666105007372,0.209863295263366,1.68321317438766e-07,0.24672088705137,0.426735701957457,0.00803305255509561,0.032664340833217,3.16674232466524e-06,0.00657043656434471,0.649625751555444,0.000983265293701998,0.655713290691079,0.0206586119960354,0.000419920978860594,0.472465381339993,3.83158946742569e-05,0.605062471606981,0.221886187254162,0.0184682666257609,3.33534674648135e-06,0.243144359228864,0.00283578320631024,0.494250124162016,0.252145686933053,3.34646010643312e-10,0.121602152080069,0.585578486909795,1.67761121429128e-05,0.391668489519317,0.00012095383501954,0.0818687564672493,0.394469269923579,0.015602972056313,0.274821721209051,0.267368723514065,0.166355880600491,0.00134071029306039,0.500020210606596,0.480389326655749,0.949934782640501,0.046189078585189,0.000414121015860108,0.672723347915214,0.0707871354770526,0.256460011460724,0.177558905033527,0.517993731718714,0.114517782615708,0.311339650640418
"5",0.403535276020823,0.316429775479715,0.00193408500145113,0.713845656513925,0.717077264159825,0.000305784108188228,1.21369406198552e-06,1.81406105852297e-06,0.246535246504653,0.262400198513269,6.50631659687033e-07,0.000583041949578328,0.000819962808597217,0.745992379610672,6.13084826404285e-07,0.0030952573890892,0.115204475007531,5.24300923295439e-07,0.0216763547788651,0.16555168392983,8.78871322868421e-06,0.0764237455578182,2.01162107489167e-08,1.66934786562393e-05,0.680905930956573,7.36072015552209e-06,0.66262279399933,0.00258356656384386,1.13345431536127e-07,0.889728311790169,0.000870603584568448,0.850444571627139,0.116531302421986,0.00842977431496175,1.88578368721988e-09,0.102715775295141,3.76468004206134e-06,0.154271693123081,0.197456314316636,1.07254959502391e-10,0.000324804946206093,0.707521370411715,1.44263684650757e-09,0.128283703226152,3.62312430270002e-08,0.000525139165660383,0.185124175095236,0.00367553886479551,0.459173504220517,0.607288450529949,0.00609134881571295,1.42938578121705e-08,0.777294065381776,0.214085104398189,0.805193797439011,0.0139720970564363,0.00279451174350661,0.734034494886246,0.0108513118553867,0.296840602637525,0.165386450782928,0.477246855939458,0.241163934752479,0.308089661040772
"6",0.419638441366359,0.248145948741868,0.0269183569578425,0.917839629144743,0.762123235154916,0.0140029467288257,1.36799507597483e-05,0.000189024179054757,0.432624575803642,0.5692565822372,1.12427774899034e-06,0.0038892879605501,0.00763994192539346,0.760654059079972,1.20256115991457e-05,0.000319011867576308,0.0403173205946511,1.94404337173129e-08,0.0335094763212459,0.0719685862432561,0.00685840289334575,0.250153623318672,4.61027235587119e-05,0.000132545365262997,0.33192431503204,0.00113054189659394,0.112715587031124,0.00925978909763633,3.38927148858233e-05,0.565667476861565,0.0333069026026945,0.349396569507009,0.889380346697716,3.63111987308412e-05,8.31564384956636e-07,0.493119606461823,0.00032273048837189,0.629196273552,0.402478411243111,8.23938920369432e-06,0.00849827708650516,0.477858136617745,0.000369312092260577,0.674688616966669,5.77458980187601e-09,0.0822215455401317,0.631064490232505,0.342216319631081,0.51829387753788,0.328692206880377,0.00482565993552054,0.00484403394321311,0.00858440577483707,0.692245643193097,0.51707075946483,0.00188489337019905,0.0405939787856074,0.665899042739074,0.230794229674994,0.0695257286615298,0.347350816950677,0.0442538054937508,0.775363733728996,0.584520425749738
"7",0.332128617806856,0.0116516649623189,2.19367950667426e-05,0.757479047227205,0.314497798139301,5.47287944696099e-05,2.00592197774331e-11,1.1530918526564e-09,0.823938029343325,0.426771942710913,1.78237549258414e-07,3.57943100976135e-08,0.000187265657597681,0.771115797183724,8.43003394963808e-13,1.22040928656991e-12,0.00473684895481626,3.33214539008955e-10,0.00074348550562286,0.0336099408996083,0.00230348379759196,0.101534467715228,4.61438803033112e-07,6.99742311186554e-09,0.569185124593408,3.83576720311153e-08,0.407195718845912,1.7382055817619e-05,5.93941531124214e-07,0.847039291164257,0.0141246177350684,0.474726397859781,0.0672442523866906,2.07987905409826e-08,5.95358071730078e-10,0.210304078057551,1.07048241812857e-08,0.147313142212238,0.00280397781902028,3.88036123549162e-10,4.00601637225608e-05,0.0261389301091647,1.9758465447014e-06,0.850580668470943,3.19957671762828e-12,0.000394815798692142,0.0758790221943581,0.670870893621459,0.79492849362879,0.339574302974201,0.000313765720557224,9.58104638059979e-06,0.025045989388397,0.381066245043597,0.221053214864437,0.000211324175681658,0.00636343694446569,0.87915895823958,0.00178298471687248,0.0242629596416072,0.0228953450838624,0.0147857953127034,0.860952916755706,0.10049679223206
"8",0.481472876804397,0.74749997827367,0.095855398032415,0.41400447644902,0.0287000161804014,0.0139841523528975,9.30425914494788e-08,0.00346876519612485,0.164702295498019,0.0931382917944952,5.95660667202114e-06,0.00454314505638201,0.00751946722635371,0.913561973204197,5.0702857894435e-05,0.00433859680225283,0.664297000031767,1.40467362590158e-09,0.856073900063797,0.278896718159439,0.0373222805788832,0.00358743638371099,9.31998968628952e-08,0.00103497613092945,0.545362648200451,0.000866818023958191,0.346871917033056,0.11027266365779,0.00140467328215946,0.599164144029513,0.000372516172642247,0.719737050734454,0.152422710513674,0.0330913512061314,2.8222279389148e-08,0.856256748476331,0.00731230850752084,0.0300437511155609,0.155435663506428,6.98203175846229e-11,0.351991535598087,0.212914458988101,2.70502382666275e-06,0.373534746340337,2.6925257151158e-06,0.0288808804225433,0.215778581682636,0.033056723886096,0.384358788338719,0.229336627587136,0.0246834657285781,0.000331321863336054,0.851170858581714,0.688614673063321,0.923122946980835,0.0168325935366924,0.00181029992045809,0.535177449832217,0.0417065956155367,0.748798185736872,0.0629374017296621,0.782428801519753,0.608358775465157,0.541114022907535
"9",0.83696746065785,0.0427944087761219,0.0181206165835002,0.530147755496656,0.247872624037433,0.0210395013223333,0.00013348693021386,1.42123534540489e-05,0.0813199442826863,0.316652833781449,7.54695903805e-07,9.27900617759234e-05,0.00106485151633045,0.742849157365095,2.14890919901478e-07,0.000309153091678379,0.232029998337728,4.05304403696559e-10,0.0753059691604707,0.566829143415593,0.0026084703672102,0.0197308756242457,4.51562937141133e-06,0.00142278424860591,0.651982275291056,9.59126873721284e-05,0.733749594557739,0.0077964733922786,0.000181201334640813,0.831261658600055,0.000554234226540895,0.816885664674778,0.416596158588112,0.0240190608806649,2.47076336227856e-05,0.405918647025181,1.47672977191428e-06,0.146654192561191,0.25812861149359,2.44652635110469e-10,0.00392131395649747,0.515781616898506,4.15035298918424e-09,0.0568785391472999,1.42597971962363e-06,0.00445350562326138,0.163686590516294,0.0137308000762104,0.586455825834717,0.237611119903008,0.0425229064158423,6.16038751109165e-07,0.656365470600999,0.388651644611883,0.985556751790391,0.00992495775593132,0.00467032192298561,0.479482357720109,0.00545906005451301,0.190254868381048,0.254033220574339,0.239579142769563,0.393987487114513,0.746616916407888
"10",0.879981221410421,0.338579781562559,0.418878933647162,0.0289259665292467,0.0140518788084487,0.0436461910538162,1.14534213080649e-07,0.00394058010037357,0.0325193580423493,0.233001380727997,9.10737432814045e-07,0.182959269337887,0.0101008647351333,0.543282780104104,0.00114119031068997,0.00406386628124255,0.684181686369995,9.02512262283835e-08,0.447370348489254,0.361092212446889,0.0823857798647571,0.000918913029636574,8.62736525906001e-05,0.00156100803934602,0.340887603037609,0.00248011652959195,0.233474500289071,0.330793780464425,0.00121019122660576,0.295247052854221,0.00011222269714833,0.433432789593421,0.210985766108145,0.0241794098714589,2.46606154210948e-06,0.826341850015288,0.0131574315546572,0.816714145032806,0.179615942262637,4.09505750662928e-09,0.453222096033848,0.592286756294586,0.000153947297064348,0.2022745932881,0.000108401594097395,0.317241695567691,0.470108515870481,0.0158681982587639,0.478690580577,0.443981377894052,0.0554705377706791,0.000438202583152248,0.121387777526131,0.516938138849866,0.543485366121816,0.0509169706341346,0.000381751355382562,0.903810813941875,0.109525690007375,0.787589428984963,0.064911392490538,0.548772756933562,0.161720403130218,0.346630241295336
"11",0.0022511047103261,0.571222406342295,0.000319378073085588,0.171368437065173,0.089518243306647,4.09089710401319e-05,2.91886531680563e-18,4.74658879298856e-09,0.258597661083672,0.0266130812569753,4.49808950099849e-11,1.20326590261777e-06,0.000964610699815667,0.240669390111214,1.46358617361046e-08,1.08860389533695e-07,7.81156458093769e-06,1.37006150825822e-12,0.00209108094583879,0.00758983455691852,7.31988398068653e-05,0.593743397181463,1.07118537188831e-07,3.81443950734275e-08,0.210219684652221,3.11152852510895e-09,0.679809199693508,8.38561719688659e-06,4.6132678252774e-08,0.0335665019520269,5.888969002748e-06,0.379493874467084,0.0290886821416842,2.53575091717682e-05,1.00705448828794e-08,0.173164730332123,0.00038954192357756,0.0177427976701114,0.0103139435577396,7.65378241415022e-16,0.000461491401097638,0.92497991943926,7.5073920313711e-05,0.0702499269292478,8.84594548223334e-06,9.60425388986068e-07,0.0431635196363117,0.149606687785671,0.0412332814960866,0.870490558279341,0.00121355773636562,0.000353924958439426,0.671816914343573,0.822893903816533,0.335376264276201,4.48846691470731e-07,5.71544059327981e-08,0.0275459250139292,0.000525418844749001,0.0186781668505832,0.014803183771057,0.00272689891274442,0.735758776277081,0.0158548542641361
"12",0.0116276179641984,0.930362858731109,0.00140605110125492,0.278859836628503,0.427693387977555,6.08838180842865e-05,3.89036723770408e-19,7.12140929466056e-09,0.882858973180329,0.0524976229959642,6.06379745270141e-10,7.74016553626815e-05,4.06512925351343e-07,0.0737024343680195,5.29806828806058e-10,1.40651565560815e-09,0.00439016216756155,3.47454455181896e-14,0.000348195222438767,0.00232567719944648,3.26934209176129e-08,0.0671456734798617,1.17029391935104e-15,5.45081185540984e-09,0.281283433572681,6.10474447553527e-10,0.764025090764553,9.03320868933448e-06,2.22671139839989e-07,0.18591187927019,1.70354822407864e-12,0.913513019172561,0.211344946139984,8.01516426619226e-05,8.45872683863729e-14,0.0891826333700192,5.65356952641885e-07,0.0199122606265389,0.0841470143450451,4.36645430371025e-16,0.000154336431618082,0.825384847213394,2.28155770482482e-05,0.446938711608418,8.25868443874637e-08,6.01365046639792e-06,0.0175217357904372,0.391733255960286,0.0354925295950728,0.982690566182959,0.00020004106627193,3.69379930928423e-05,0.297170904354028,0.102077739981215,0.286088508101433,5.00703337606212e-07,1.67434749207255e-06,0.0435694109186484,0.000201060403620991,0.00338640495519618,0.33176306293831,0.154187068758279,0.308525873968633,0.00165771914860047
"13",0.0793523554950356,0.540466593106897,0.00339171094029945,0.701696462168329,0.0875454820810425,0.0081485998659182,6.22335697116655e-09,7.3563929949701e-08,0.498507967286899,0.118237056576586,4.46541173661178e-08,4.04255595854216e-05,7.69365704209541e-05,0.578598837738881,2.50130476601682e-09,8.35671629268796e-05,0.00676059308058091,1.98990424636962e-11,0.0193354213318327,0.160014219536299,2.63310855964661e-05,0.0261953702167769,6.01031277552887e-11,1.0319029190955e-05,0.876574976866311,7.59880707894521e-07,0.872861221567493,0.00297558269898671,7.39414775777262e-05,0.836792835474421,2.31492079169379e-06,0.673675498621146,0.0319117285583514,0.00375626782432853,6.95299841446855e-08,0.144095319005137,2.32566635556234e-06,0.0830892248387035,0.135760855924679,7.54575225000359e-13,0.000119949702143188,0.381904421413092,2.7173979896337e-06,0.498665525331699,5.76699836946683e-08,2.49860994973167e-05,0.0206544264045211,0.117727750727356,0.119344026409834,0.358835195731849,0.000669624286532325,2.83640280016929e-05,0.777181411513299,0.267541863687813,0.985525256391188,0.0015513069562572,0.000117985536285872,0.789785344633268,0.000847950534589337,0.112453008207446,0.0519513488763486,0.0542805170025973,0.633567047388631,0.318791647170595
"14",8.43257740022756e-05,0.0734793636592257,3.16286289274301e-11,0.00194621381946296,0.778974134742593,2.85591693643039e-16,4.10150058527767e-26,2.51387551870153e-18,0.00356591825638465,3.40670869013083e-05,3.75449684910648e-15,1.788527313686e-08,3.95886150353339e-16,0.00282056057621997,2.22522565323169e-27,3.53252294692181e-18,3.49091050606527e-07,1.62848352125096e-25,6.05781625809593e-10,0.0252496538128115,4.73547620699394e-13,0.78905553142888,3.74096046847629e-27,2.71429438233463e-17,0.0281271360047804,2.74533127946789e-15,0.640757222613173,1.20724629807122e-13,1.7732890217512e-15,0.00142049556110234,2.61536848095301e-11,0.0957921106303545,3.62848252268684e-05,8.65245661279298e-13,3.18914013147313e-14,0.000744326489347444,2.65307653992933e-10,0.000630167440573109,6.99245230633131e-06,1.41778670832741e-14,6.28562158351658e-10,0.277740473334403,2.50904431244775e-10,0.24778269101547,9.51190735609321e-18,7.13343602193394e-15,0.03732688728006,0.983283799575818,9.08511589648286e-05,0.144762875179658,3.48007922282933e-07,8.53175332587669e-09,0.280931501726815,4.19121332127467e-05,0.244157874932646,3.53013408331074e-09,1.10501758076322e-08,0.203859686737543,4.97069263862635e-11,9.22245770174001e-07,0.051192320624145,0.000706774582426455,0.835303263470695,1.44000494319454e-05
"15",0.217375664271479,0.421924409674927,0.00876017521426868,0.284555783819104,0.00844082307041977,0.00213175417976022,7.90737545622319e-14,1.42866405335995e-06,0.264078463634341,0.0577914097949118,3.70418088664155e-07,0.000959883075821651,0.000387905788695458,0.502939509009084,5.20495726394872e-11,6.27238018176818e-06,0.13999135392288,1.74776874012856e-11,0.00984285823604574,0.136199376428363,0.0030708792927017,0.210049303620158,1.12503973017379e-11,1.85593709691984e-08,0.508365373482216,4.67393619217064e-07,0.33845533855082,0.000498569894313308,0.000105009029141961,0.95140289855657,4.71535547314304e-09,0.287238865219146,0.29305308129968,1.28379223888991e-05,0.00429229858567486,0.263867672272009,1.60139625460323e-05,0.161602088121658,0.132020866495066,9.10300754343285e-13,0.000783380377460415,0.85649806899796,4.52513265028989e-08,0.0945437354931498,0.00879609699001822,6.88843712102341e-05,0.14943530877509,0.835811817969682,0.0524368252520358,0.968697776735474,0.000591735566929504,7.69689434089899e-06,0.75287232467168,0.928787688234495,0.0211599392730918,3.6495026858741e-06,5.128173058968e-06,0.61930127460402,0.0413628681256092,0.0120522067682669,0.0372066891269539,0.579831073854823,0.874861423938594,0.0227206981853725
"16",0.0823709692349608,0.413089234133252,0.000733435145979088,0.448849656289711,0.18691321589174,4.01335571416597e-05,5.78610212470574e-18,2.80571888470458e-08,0.226304284285152,0.107411815372241,3.81593545241611e-12,0.000107441246044355,4.70964728623638e-06,0.13205079624155,8.4595384171634e-12,2.90926899344176e-08,0.0443658773359276,3.5095900817834e-15,0.000670322283956295,0.00219467527411647,2.35547514494718e-08,0.380917519073138,1.66725827459462e-15,3.70609836024505e-10,0.172570302410918,3.0706247713555e-09,0.640747669485939,1.47872530937963e-05,6.44164801768878e-07,0.684813522396747,1.90649414507893e-13,0.570663154504299,0.146343622540625,9.0473192143033e-05,1.33424645476313e-09,0.352458232849869,5.57466572256362e-06,0.207517371335517,0.0662254217164204,1.91718982554368e-14,0.000672974252158483,0.929356721580539,4.48241532868867e-09,0.329546233558316,7.83616362105234e-07,1.27509614024874e-05,0.0434256573800625,0.151613052682191,0.136201120920633,0.870028110938711,0.00139327248148234,2.21891705719724e-07,0.370285696094777,0.59021463823648,0.292770609723952,4.14957244980746e-08,8.79623518437149e-07,0.240526246052739,0.000538815598049719,0.00197152028626344,0.0380087762392292,0.505929933677326,0.547446710787022,0.00111571954607109
"17",0.834676061993451,0.621369441046872,0.000969735960171371,0.678739342412682,0.000754889392648648,1.59963813936551e-12,2.33435645644315e-07,5.54078156715617e-08,0.931012520655995,0.559263023042446,3.9938197036332e-10,1.58122110169302e-06,8.82838527759514e-07,0.656268390132539,5.29102330712563e-09,1.31852191034611e-05,0.916087673726605,8.00381975343589e-13,0.00257820118533612,0.474886358909675,7.7695485376228e-05,0.476276323448979,1.06557808824868e-09,0.000444573152061996,0.402539993758316,2.23455730151815e-06,0.446896410864117,0.00407142983436659,2.99275445196987e-05,0.800849530445015,6.28692394246067e-06,0.835832105461477,0.505881864376942,0.00822442021348646,0.0010063941392028,0.375435193897846,0.0440962364881153,0.119392167499268,0.0720188930292926,1.8192591849668e-06,0.0162913478148132,0.442822493997359,1.77296311596825e-05,0.412379917781337,1.83704070107897e-05,0.0111668648951036,0.166270291428221,0.406440473502742,0.0948912314904099,0.176474932706354,0.000729787198352546,0.00120355401573891,0.636242494406294,0.250661764130292,0.755673799243701,0.000152444605287412,0.0155490857716791,0.927811170402656,0.00218068094994424,0.00102306428906478,0.561449523626544,0.540644108736598,0.849835520516084,0.00169981530632701
"18",0.465515592366243,0.257288031591562,0.23414173950921,0.613596711680125,0.0407241829829343,0.00318606577136731,3.89576926526142e-06,0.00892647749802889,0.276779037668772,0.286750787608972,0.000146817449185381,0.0655777935461676,0.233541496069301,0.628778963896687,0.000521624614783945,0.000121499988396019,0.127858923949756,0.000251895299729657,0.673164799809006,0.0701285757263894,0.00198941775608564,0.887556302903137,0.00190804345578738,0.0434143773500946,0.452178621629797,0.0140260151561604,0.606010420934451,0.0663189300961927,0.00184986754117915,0.896045652143302,0.0164839661892794,0.648301538008726,0.237033858172986,0.00586988972911431,0.00116262720585773,0.0589792903332343,0.00174072342617042,0.188070813110696,0.0740573783423304,0.00213654375641435,0.000432487504521935,8.45519258672288e-06,0.00123340365543164,1.42952027079194e-05,0.000956680839656854,0.265970866141856,0.33802214822812,0.176319891786955,0.944106402128493,0.9872614505107,0.0134108231489956,0.000189624327772765,0.883479948194789,0.265288929970233,0.348917203102222,0.011084926054827,0.0189847669665649,0.242848537065065,0.0308692361486524,0.030730627908972,0.89916181370068,0.250035359224149,0.709056961119764,0.142527449030711
"19",0.0145363372425844,0.587969664960215,8.00903551744421e-06,0.0197908399862188,0.0192631024650919,7.72596350252762e-10,4.90888896907947e-18,6.57968682364191e-12,0.50317188886832,0.162209878786131,3.26497279658985e-08,0.000123696321168457,3.12269646438512e-08,0.019338066285921,5.2740544817052e-20,2.31403414432206e-15,3.60884965549417e-06,2.78677512122468e-18,7.660375350743e-07,0.7557289348531,7.94777866690722e-10,0.1306299748796,1.93949900426965e-14,2.31771113718402e-12,0.833486030871576,6.10864185435142e-09,0.523053578587202,2.69533206108289e-10,8.89743999614701e-11,0.103723716812938,6.30667509583559e-09,0.64911434397994,0.00833594864705725,2.08401724477778e-09,2.69162106820979e-07,0.100355258052292,1.85167079724343e-09,0.0202198880378239,0.000348543568177902,4.48429043753412e-10,1.04961659405654e-06,0.0383296491199894,4.31083766292307e-12,0.00311527074049675,4.76440116887203e-14,1.00334887364243e-06,0.272832328125361,0.683064083769683,0.0106493371135287,0.57963933559275,1.19842662455419e-05,5.14945670347895e-08,0.241491550236242,0.0622609161491648,0.653360454530068,5.98996008421586e-07,1.95805941567719e-06,0.217902518830391,5.72166607424782e-06,0.000611191116224663,0.0440252440489697,0.114617918827124,0.64930056709665,0.000481530729862084
"20",0.000109404258720151,0.137292215911617,1.1492861253932e-07,0.015083993891351,0.992789058097211,1.65057733794477e-12,1.6656715248228e-18,1.68297205857117e-11,0.052762728926728,0.000214391089658929,6.26670815869153e-11,4.49493546151902e-09,4.78703929710905e-12,0.0244837459812919,3.28101511312362e-24,7.92660147156675e-14,5.17555164728679e-05,3.65717915965578e-16,1.09312212168757e-07,0.107703714705966,9.96253497700328e-11,0.895262710378277,1.8336076054261e-16,1.80117006026424e-07,0.104926600533767,3.04062245094755e-12,0.491142094549246,3.16933954462415e-08,5.95807085938915e-11,0.0142693732240023,1.23189373532115e-09,0.21902752602519,4.93698001885591e-05,1.48201525619702e-05,1.31278811911548e-07,0.000672464434821286,4.8136669570126e-13,0.000924495725294201,4.72421755437266e-05,1.39485092645735e-10,3.71198359025902e-07,0.840685038375571,8.27936780215142e-09,0.31774417021571,4.16920889467453e-12,1.50426626558888e-06,0.0610646185956026,0.717313198188291,0.0105496556056091,0.18996830610127,4.90952028492073e-05,3.87267179264929e-06,0.185716950582296,0.0333120093717869,0.140770456566308,1.66991506401982e-07,0.00013430555277316,0.294362259940746,5.85997784264784e-08,5.81706060470816e-05,0.0193461413584824,0.0134872358038749,0.195661425470192,0.000614493049036038
"21",0.420321462299494,0.80329894214516,0.301377076354824,0.367710336497596,0.00196476804949786,0.0340829405735782,7.08392331801174e-09,0.00334226517822455,0.361884104712051,0.784104208373862,5.80094288692508e-09,0.00266420383998612,0.108327280969108,0.502388219041607,8.67607948004871e-06,0.000257595375308612,0.278604574850599,1.94003492706109e-08,0.172595111043929,0.0466896206423623,0.00316215069690833,0.748789778709455,4.09713894027057e-05,6.45729470207154e-05,0.978840202275277,0.00219562957476804,0.657040720473034,0.0296155912494852,0.00198997348566566,0.685203152432575,1.67776743941525e-06,0.47363046259656,0.262177010462907,0.00228199828545484,0.00244819494179649,0.0878331154963351,0.00110444771381207,0.302770878328783,0.123982595121126,1.21758493887927e-15,0.0029181261434601,0.0195114319180745,0.00504708819447151,0.133164978704679,0.0215498290729929,0.005585479266334,0.208170814104768,0.0602606559207388,0.146000534002022,0.830673617678899,0.0754698073623346,0.00497227598529171,0.267394297355789,0.674035424136119,0.211091888664042,0.00295980426171243,1.6739890300909e-06,0.149407121299254,0.298562635922554,0.499032164256541,0.0722386676725466,0.571096843806747,0.364754033252277,0.157813963682677
"22",0.384774504745365,0.344750528239148,0.0196425573735635,0.535723265249747,0.0406394362465986,0.0173695955039268,6.78638987089286e-13,1.19240752737146e-05,0.953251408761007,0.645241719085064,8.36089109879359e-08,0.000192061727484737,0.00794661469262591,0.493549240790482,1.41989848633006e-08,6.67082478402519e-05,0.0689382251523966,9.05824923177259e-10,0.0701752189985653,0.126958003666561,0.000134490364311779,0.240637203863987,0.000156542675785487,6.66356219919805e-07,0.593866171204671,4.60771570259848e-05,0.831985404450479,0.00267876707596423,0.000130273112185269,0.260932179379555,4.75713185735404e-06,0.794617270751041,0.836456760729457,0.000138360165890746,9.64756311988266e-06,0.278707069909462,0.000164942495911445,0.170323907615932,0.173110011109834,1.27851232116134e-12,0.01684716992589,0.133043687734978,4.77242360798687e-06,0.0228053837218299,1.19370609709718e-05,0.000294209690319461,0.14204124409381,0.0175129596810191,0.56428886282341,0.742754487833933,0.00226869425027255,6.67745571134254e-06,0.994096874484848,0.978236827363426,0.101361232461648,0.000401730558763814,8.65151481066949e-07,0.190083605662162,0.0548765418908783,0.176285266822735,0.092480783567445,0.196859630207852,0.618767938906553,0.0644022352181106
"23",0.0843150722068309,0.670299501844851,0.000405413378106876,0.312922970761664,0.214989727474571,8.23774111722367e-06,0.000411030355384225,4.02524209647197e-09,0.835043912650181,0.233747072169326,0.000277236843976469,0.000238645011734131,3.02235238463753e-06,0.338168423259837,3.18926275347437e-06,0.000627391864572351,0.123457916916902,6.88521442204857e-06,0.000320086841586523,0.0297496628763533,0.000211804192732381,0.00169872187210564,2.73175063484619e-07,0.00517235931991853,0.0385414650146629,1.50177494120721e-07,0.26060557853782,0.00308291636223642,0.00367433330559856,0.460920558210416,0.00125329246455026,0.434708834508633,0.115574331235352,0.0010612939010055,0.00832623453919874,0.191554800149007,0.00681977650482736,0.012066838776057,0.079185928902274,0.000637810223023747,0.00840549651558511,0.524661921110677,0.0186268597710165,0.413971917272923,0.000909014955959049,0.413554012125335,0.816267771837885,0.466161078138289,0.0016204588766963,0.798222259811401,0.0517958041499757,0.0809638298338317,0.324720384956612,0.409322542026743,0.946434372739658,0.000632982860181846,0.0786455073673703,0.374270093417293,0.0349375932452759,0.274273278807317,0.114987641739586,0.918275290032368,0.54385760084739,0.000770624967828141
"24",0.0219420897841762,0.835273278438575,0.00795871965874238,0.23983884586781,0.0345662418612522,1.7862206495338e-07,3.97170550481556e-13,1.28396661761127e-06,0.565832966107687,0.470483922557287,4.87801974292555e-09,0.00385251767982589,0.000119714173080511,0.240066684065492,1.49541152062718e-08,7.01521880509008e-12,0.000703388747269496,2.07787057926163e-10,0.0016786997562538,0.202189536059609,9.03965899588382e-07,0.702968032968047,1.98209483141624e-09,0.000105376356429786,0.861971698742427,3.31174476261037e-06,0.355205508316691,2.51171987589012e-05,2.09828947967146e-05,0.482020635053472,0.000123815070147244,0.61068794103267,0.278834803447762,2.78383450243353e-06,0.000630393979367508,0.097589448062317,6.83406364877794e-08,0.0129081345169732,0.0146160291631041,2.99962795120841e-05,4.51356301385886e-05,0.0012484493206531,2.82372573997832e-07,0.0346320977103027,8.00808653212594e-06,0.000683419277357328,0.202416325654169,0.882773886932947,0.11131120786854,0.595737140189016,0.000112915180362155,6.74578896598389e-05,0.877062792579332,0.169648187838743,0.36731380619665,0.00102037663034896,0.000121718647276842,0.710733650792674,0.000780866169140658,0.0120585875499975,0.209931290380012,0.202902285990416,0.196296594899309,0.0216660478577722
"25",0.728697278153489,0.224935154055701,0.182580686989021,0.0581360528466139,0.430403222580794,0.031992112030634,8.76814234731896e-05,6.22073020915122e-06,0.632391507587139,0.205583586713586,7.07657732812177e-07,3.40380939529291e-05,1.17580460667957e-05,0.429145113435584,1.02459388981329e-07,1.85127016669605e-05,0.551263348800067,4.89943999809251e-09,0.00582799862972306,0.359536533270734,2.91492600277815e-06,0.0857136158696914,1.09040733351269e-10,0.000255169084038406,0.472878568777458,1.73223635343721e-05,0.825493561219667,0.0184142361768197,0.000158558489504527,0.883519544538204,0.000229268223443766,0.951576916878042,0.0482053769846785,0.00899383797098056,0.00313475454137994,0.190127674610888,2.32450524664118e-05,0.0590562097115645,0.267577260041431,1.44249127317123e-05,0.000193275394784843,0.0107226328998778,1.04784278620971e-08,0.741156340727781,1.29882065218501e-10,0.0162837769449709,0.190085191486619,0.235963005567433,0.132456789962232,0.103339521456942,0.000321984336190448,8.09070635997272e-07,0.879232988470368,0.11740104733198,0.0368024582653259,2.77516523622202e-05,0.00120723716780268,0.292627126234132,0.00675562830034597,0.604863151145919,0.0191542348634961,0.136986953900588,0.745607104406867,0.666959581291264
"26",0.0497227010561333,0.79077104564432,0.00103208463785788,0.0776177953542641,0.0145444778972686,2.70329727210972e-06,4.80215783043043e-12,3.57417115268863e-07,0.988075934851277,0.987328473561506,0.000152085697190554,0.0117214117673727,0.000107335825859748,0.289632368422262,1.26383336105585e-11,3.29115079188869e-11,5.57660179744541e-06,9.60095431203472e-13,9.85642335612708e-05,0.932176547157652,8.43679204666201e-08,0.694361437662127,9.24194112424906e-09,7.42650527379755e-06,0.549755517629996,2.06189992186799e-06,0.531300164827246,2.69947261179749e-05,2.17850419388799e-07,0.657864607811404,2.23382758885582e-05,0.56729795385533,0.0789547759256073,1.53663447088807e-06,0.000143551301447823,0.272696841512633,0.000114077368849137,0.00790455677999628,0.0112184413443148,6.08069059693456e-08,0.000163984086733985,0.0243683834785793,5.85603122867967e-07,0.00390199718324495,8.491753783004e-09,0.00208231944924189,0.197340645799983,0.906947982233711,0.0309581716361272,0.485932829371905,0.000276667782035501,1.33364287375308e-06,0.476632432986084,0.197562991910442,0.709661945069119,5.14245440236273e-05,2.77611115974664e-05,0.368054371687145,0.00184317213585367,0.0197369271951652,0.327300940864624,0.370368535877196,0.380903855697394,0.0730054501631909
"27",0.00429955275664924,0.306562191049008,6.65290073598807e-09,0.0392655523427866,0.0415082725711445,1.85749164318285e-13,3.96730998130937e-21,1.21544268792156e-14,0.153604373645516,0.0105262151167772,8.14454045458556e-11,1.92642975586693e-06,2.20473831566449e-12,0.0145515308629264,5.6674587300402e-24,1.47328452403557e-14,9.45122507701662e-07,1.3220595543605e-22,1.46638057431962e-07,0.506995069750454,2.76402304244817e-11,0.176103323695189,2.76661355125374e-15,5.60876364174037e-16,0.277093176639629,6.66839475788493e-11,0.483971894545366,6.86153551329301e-10,1.3205142306976e-14,0.0478524758340852,1.2761426004701e-07,0.0591173232862373,0.000172425481415226,2.74413982687823e-11,4.40356051407034e-10,0.0305612637288566,9.0985583667694e-12,0.00728777542680236,0.000103411869267596,8.90685599170295e-13,7.39444133609037e-08,0.0727924132687859,2.95592692935397e-12,0.0760747165567714,1.27722553546065e-17,5.51215039485169e-12,0.110234217708496,0.959444071610508,0.000276427695793494,0.921573174624708,4.77933215460104e-07,2.74093678805894e-08,0.284024829009136,0.00312496129715892,0.646498558634541,7.24997791945294e-09,2.39390179826257e-08,0.0719544059151375,3.99604024751273e-08,0.000108874570917649,0.0844732287865396,0.0369185956748528,0.988357951595285,4.37765252861549e-05
"28",0.0176513041119032,0.91933362181565,0.00649953766107663,0.932486591883105,0.104602293155762,1.01992655632659e-05,1.74943820700314e-07,3.19314245125341e-05,0.680537456670735,0.780259622135824,2.63683968071904e-05,0.00366879720687877,0.000177583444004805,0.487932000853861,1.25952043852796e-07,7.1518641593339e-06,0.0550344596788483,2.13390949224582e-05,0.0502640892891616,0.975182969319312,0.000212286182724711,0.304333303563117,4.7520095029783e-08,0.00344349466562614,0.585272676739705,0.00157734091222781,0.687010905732614,0.00152945715170736,0.00193297883952241,0.789301966635358,0.000268606473852443,0.915428156001265,0.0228968288840297,0.000279361590796434,1.3049370728304e-05,0.236174309897663,8.08938956623374e-05,0.0348654352005737,0.0145898692118824,0.000127090016299759,0.00107731660419539,0.269323810950421,0.000315609022620778,0.22643353932146,0.000623792274036404,0.0242100611729253,0.316539054292956,0.345124158600843,0.0121264394427577,0.302284086307418,0.00877751423877504,0.00551957376524275,0.927458321532212,0.429716767674708,0.220031090681462,0.00553467746442564,0.0125391196970411,0.309083802639133,0.0123958047241062,0.0207833299885105,0.145532327327185,0.727691490991586,0.0872665456258523,0.331770773936623
"29",0.114878727636598,0.762683175130264,1.5971889850445e-06,0.860982725375995,0.0270010572907228,1.56137917228771e-05,1.34707910614296e-05,3.17693961685849e-12,0.483837047355903,0.0740521440264746,4.10605491118625e-06,5.08410512243857e-09,1.96921747415023e-11,0.647351294788615,2.21583700556218e-13,5.96013454524476e-13,0.0737195394023899,4.7215913257755e-11,5.60113554190929e-09,0.161907398677287,9.78222844417882e-09,0.120691438774599,8.20206869835325e-13,4.90458993243858e-05,0.179622219352024,5.87316730325917e-11,0.0512037858665451,9.50328654340484e-05,6.43365050495669e-05,0.356160170974137,1.45276919106924e-06,0.704512449742782,0.0453381855052282,0.000937451778219657,7.01175265046231e-10,0.0160475778781747,0.000107516865856381,0.157187828303101,0.0697983981641042,6.11572699578116e-10,0.000615071500095168,0.11930892681862,0.00503039547513748,0.0950779199797008,1.33159168285849e-12,2.26537891916649e-06,0.0175113500685688,0.204150418994943,0.0925525735947197,0.823183838591345,0.000212365356548921,0.00194260639094185,0.0847151584801929,0.0019533145473272,0.445979084849072,0.026104997009853,0.00940823655121739,0.127101089297408,0.000180815761106849,0.0134767426834306,0.118551003295878,0.0860035909461453,0.670029194690941,0.000147976904563968
"30",0.666617068985357,0.184547762804505,0.377494630363695,0.652315510681192,0.0253117426033663,0.0566193334328294,3.91609136810049e-08,2.43179271564106e-05,0.0061963182528516,0.177092838120392,1.88566713858373e-06,0.00499609008063834,0.00538170070935208,0.669330254811063,9.17489870865283e-07,5.62841709140043e-05,0.734691421664223,1.4314056089195e-10,0.181467869316504,0.0156139063912239,0.000160209067790832,0.00882267031206197,7.24341062627505e-10,6.68325879508247e-06,0.874040673609415,1.21347685581367e-06,0.151023824844687,0.0181572115474758,0.00347226573665321,0.130090247723228,3.588670327132e-05,0.138878491722404,0.286720940086422,0.0141273424799762,1.37194360826803e-06,0.465271238382079,0.00438778225974572,0.140031343309726,0.422589183156516,1.31242101048213e-09,0.0051981622821644,0.999419288618655,1.1577272653288e-05,0.335625135785945,1.41917003680092e-09,0.244179091727185,0.129455717608428,0.118492797283418,0.720073544564332,0.486805750426187,0.0410791154481761,3.72699424773853e-06,0.292604308654533,0.658640234244485,0.04658238583869,8.09167066243451e-05,0.0051275216926574,0.207767884742356,0.106312821547559,0.0839694418188297,0.0518106197737621,0.161940748020218,0.972945956603364,0.09312955443801
"31",0.00118536044602959,0.384331332382048,5.45223552376893e-09,0.0284200093636413,0.102348571946303,2.38018604324194e-11,1.89875984922381e-17,4.74400397284059e-14,0.278635279141391,0.00183986756347493,6.00416317982295e-12,5.26653941549857e-09,6.66125756861202e-13,0.0828605477647254,1.33885229858855e-21,2.47521095354444e-15,3.52311265119884e-05,1.1992237662556e-17,3.86012568178975e-10,0.507781005178191,4.88462865545108e-10,0.457515811107161,1.66827569942259e-19,2.12867390656233e-08,0.278293031334908,1.36158156447511e-11,0.374419569928983,3.91246047865352e-10,1.90883753440912e-10,0.0240363810772783,5.21334031774437e-14,0.260341487248238,0.000195343740275457,7.45438950492614e-09,4.48395925895205e-10,0.00753165743750378,3.81483782726548e-13,0.00128548532531018,4.86368880239814e-06,4.19018168768291e-11,3.50327849191605e-10,0.0427282641434046,3.31397125276122e-10,0.148110497728867,6.28939230545524e-15,3.13000013328921e-07,0.0241976442640103,0.461074510236512,0.00948489323901553,0.0690873029415835,1.38827642519048e-05,2.11559351782782e-06,0.220894669973531,0.00404529579318311,0.776314429087197,2.8799881390492e-08,2.51664001014064e-08,0.0574476427260063,1.20169492749346e-08,1.35865019760337e-05,0.0696694142196763,0.00413295164630404,0.727339679487672,2.07933366230954e-05
"32",0.144606845768088,0.652270731547764,0.00092817628918627,0.708307061574422,0.595004437287769,1.27248466975409e-05,1.01110257690829e-17,1.4155379385605e-06,0.56201130305851,0.355492595178322,1.81521617595022e-10,3.17930218153002e-05,3.0776986240117e-05,0.106745452273313,2.97465020029143e-09,9.37843196127113e-11,0.0902081700293814,3.0400653155704e-16,0.000306370588520935,0.00867917375747354,4.63356286408629e-07,0.0644170668012442,2.33853890973768e-15,1.68563611008811e-08,0.443668662103652,9.39535884159196e-07,0.978833762141117,5.88918016089875e-07,1.34995224996273e-05,0.303517195779945,2.46122089172301e-11,0.528274678811242,0.543320036424237,0.000125021675223429,5.01819529150605e-06,0.40853866552873,1.35609177652422e-05,0.0624815344133158,0.0286600355715271,2.88538367902763e-15,0.0179633952019085,0.770745196835831,9.46689169295688e-05,0.35727869135901,1.23053448360833e-05,0.000669048316682875,0.174243398302335,0.0593647111455734,0.209172301480442,0.518297035745911,0.000648452056425682,4.7094690023859e-06,0.767653542002167,0.0183261114723038,0.497691055985722,1.13326802578664e-07,2.57337348443026e-06,0.0173531218676456,0.000913769221689762,0.00789337828377086,0.0679056839523949,0.714375681603916,0.531832276967626,0.00898593411125749
"33",0.167849668778153,0.808997148090889,8.19317714596223e-07,0.213654734925218,0.31960066605563,1.19269962809961e-11,1.02751148896927e-13,1.07819680618439e-13,0.490721134723717,0.092124306976518,9.24856294291893e-09,3.22299911413257e-09,1.11811217111586e-10,0.0901444080205369,3.29512107993985e-12,8.42091206730549e-09,0.0488719889627857,2.93865859513982e-15,6.59324057466742e-05,0.194048252808938,1.94362552122453e-08,0.689919925418188,8.7714762576577e-14,1.40137241791808e-07,0.249975775889122,2.07838838306958e-10,0.530583501190681,0.000246076675365902,3.01260542966544e-08,0.354839300332972,1.46184495969559e-08,0.74833563815577,0.0478961656307755,0.000113769859508096,2.83613064351954e-06,0.235930044083974,3.48196491940412e-05,0.0310300375645152,0.0105116936976826,2.12624172620234e-09,0.000839523570950836,0.414463505364314,1.1765534310719e-06,0.617593777373278,6.75838596253808e-11,1.62749366851921e-06,0.0231450166678501,0.947849115365057,0.00177484102605205,0.0943637431170642,0.000106418601848351,5.96413481418697e-05,0.810129826921992,0.220298216443628,0.692140008473929,1.84791637077201e-06,0.000111000157841424,0.458953682520041,0.00046999196510125,0.00111713423475094,0.119153652013024,0.161605028539715,0.999583621113258,9.63393709642186e-05
"34",0.719275091688996,0.170611475662613,0.0351095659896308,0.356195733863646,0.818240856467499,0.00465244909184887,0.00393920859689729,0.00114280264180091,0.122722739086893,0.18736787744976,1.05020813305984e-06,0.0155749368843323,0.00838120289866231,0.450424128606336,4.5547104053164e-06,0.00395967444273067,0.094081357754422,3.25449408872925e-11,0.157884560275937,0.720046633031906,0.000308621714074045,0.0643061051221685,6.15172061502129e-07,0.0421109973950166,0.595154373072804,0.00672428143032952,0.868497559872473,0.00549089309568641,0.00334381237838248,0.728145243474804,0.000985009795721179,0.850976570895138,0.270728375959381,0.0492070797311023,0.00572994273102604,0.468145376177151,2.46716217595557e-06,0.260651194771644,0.278264626367229,1.94024953618863e-08,0.00185936508790992,0.620962303750307,3.07025700793428e-09,0.146086411082361,0.000432449457788551,0.00167503494771618,0.138163493795544,0.0112431208429221,0.98547532639089,0.286581617223157,0.0804001528892488,1.53463972771165e-05,0.681286950757846,0.26774705985851,0.967612661373977,0.00192998903599206,0.0291435099224815,0.554283446311952,2.0084336213895e-05,0.461953171673022,0.425615049051548,0.971962528964759,0.625899029886921,0.638616764697717
"35",0.200756906965447,0.931325602042678,3.16922934623546e-06,0.837147084708752,0.50280913626324,2.687340244583e-07,4.92892870411297e-06,1.29273367387565e-09,0.190391068551329,0.371607654519549,3.13983015543564e-07,9.92449363724834e-08,7.4173933402213e-11,0.457636917288129,3.54523892087368e-11,2.78758541752932e-09,0.49131031148726,6.6069157822753e-12,9.25871595402328e-07,0.103925691406454,7.179703343892e-08,0.039837965891479,2.91730546643163e-11,0.000249538544923372,0.855537014186512,1.19204766615114e-05,0.0952933078161874,0.00157327608753777,0.00032506066903696,0.032892363002026,0.000432911263820505,0.995788948498702,0.00216151810631118,0.000288825184103527,6.21663308921557e-05,0.369530781250383,0.000140077841838141,0.636860981442038,0.0317141460548693,1.04559484158505e-06,0.00255448846656151,0.148430193756015,0.000528592595013996,0.0361052290304677,2.19325944392112e-09,0.000515398636100962,0.0483139452095559,0.916230162858835,0.0881734332585981,0.555323237394582,0.000110811846830112,0.00087598020608147,0.115312355488143,0.024651653504489,0.79591151097174,0.0129151196593394,0.0103420696965721,0.894088411951675,0.0238310622620731,0.0586684730308091,0.438245364814818,0.0254191706037416,0.794315711867695,2.82636202870841e-05
"36",0.623027846836428,0.241148183926336,0.317569527210134,0.0223102172103454,0.0703372204902761,0.0488569340184294,7.20796851126903e-06,0.000725919873444573,0.00830423081858266,0.346352495655764,3.72635333425565e-08,0.00580081608070485,0.00608495572375176,0.611515359020236,0.000103958178762857,0.00514013002033569,0.784112694827979,4.9410605072151e-11,0.168333044283563,0.811531285382422,0.00720462871634849,2.66848656687856e-05,1.09440057835577e-06,0.000388626077781273,0.873323141288884,0.000109408201615324,0.879126208635847,0.0853136300411328,0.00715724429498159,0.816856790166504,0.000109130711100727,0.157152616569189,0.0353438265242003,0.0603801186015087,2.65127562904884e-06,0.826441195433759,0.000495860511473917,0.626894685101149,0.296828685788077,2.17545999864164e-07,0.140166144951146,0.279309393166731,2.94103941460679e-06,0.0370010812483765,2.61252724945893e-07,0.113498160422155,0.47068968266462,0.394550522382153,0.272423144198177,0.152175989537145,0.00939396894812163,6.16155404200623e-05,0.336541351697957,0.989403635480522,0.705532450978659,0.00141021501152112,0.00110152959698384,0.501037123051396,0.101514778748031,0.437607613519584,0.0565204269794176,0.993589674523452,0.290220651044501,0.606267692012819
"37",0.152566035086042,0.607401314870135,0.00055328106066052,0.337400085684708,0.294781366514757,6.22114858002727e-09,0.00246398311904206,1.0064731052345e-06,0.538009307127663,0.778428804862686,9.19910079306173e-09,5.03973016666889e-05,4.52489439496826e-07,0.176427939225458,8.34725918397235e-06,1.12483316348386e-10,0.0241497235178281,3.0070930500411e-10,6.51000025917522e-07,0.195035999092843,7.37322011654931e-07,0.27007197730267,8.51677111192345e-10,0.000916012912558215,0.922064812438514,1.94897225798873e-06,0.138291054627059,0.0425556704826357,3.30083620209257e-07,0.0267250288284021,3.57512328773281e-06,0.441517805859043,0.0865862331533435,0.0116101784381732,4.5096028923532e-05,0.111731268603244,7.13368493463902e-06,0.654656661524107,0.00578317782690417,7.10566158905763e-06,0.0193976157197191,0.0195398355565734,0.00940202267842019,0.134312788693254,7.36798347872974e-06,0.00110579646375578,0.0156529168554044,0.914413441955953,0.59829942411573,0.790349585703082,0.0011760195017124,0.00648309882050867,0.643744681725666,0.0434070428648083,0.601078360570718,0.109162961116821,0.00639590783167026,0.553334427004329,0.125642632899628,0.100727301911515,0.0621204671451781,0.379553367216951,0.840712538017519,0.00112855703802539
"38",0.00940230643640231,0.410600207651358,0.000213170337827002,0.175322804251144,0.115264291217854,6.29640212762784e-07,8.60895422398398e-14,2.09209912099225e-09,0.305089689469399,0.121234746414016,6.28908707273392e-10,5.89615900206432e-08,0.00511608517391114,0.885711050935626,1.76788373462053e-08,4.54801438763e-10,0.00859765457844359,8.51277969274049e-13,0.000537505980128748,0.0358751131183558,2.42976709808086e-05,0.274979031920493,3.09760739198998e-15,2.53042468373208e-08,0.181658334611503,2.95448126990785e-08,0.668788495267812,0.000868956065788141,4.99917511898616e-07,0.212636443133717,1.21650624729252e-06,0.0620686276958229,0.0532134598550378,7.83211430310645e-08,4.72282077482396e-10,0.706930765436094,0.000203949956332774,0.00979970473804868,0.0152678364345741,4.88452539426757e-11,0.00509886691515768,0.996771161241808,0.00012435984084897,0.234727722849208,8.52208402766988e-06,0.000163658564269118,0.147664227248041,0.131594099631987,0.0408923141110661,0.885080020652713,0.00196397288110892,0.000302710207282396,0.0258002015234862,0.926419201465617,0.710922425240682,0.000172220375965537,1.73215941469525e-05,0.0415841500534921,0.0025007673440348,0.0421564148711136,0.14853135697147,0.0956719683627207,0.739429838407993,0.0130760531980535
"39",0.196662041201627,0.618506074661354,0.00014892727135343,0.614162765726789,0.153099629979273,1.60166134095056e-12,1.47766986241371e-11,1.56285764012453e-10,0.502242320503378,0.30339312147739,7.60402295887617e-10,1.07592879294046e-06,7.57879475193464e-09,0.123019457298432,2.78216293583168e-10,3.69202662067262e-10,0.315505195812488,2.50484349408487e-14,0.000146916617986199,0.681932647710675,9.88014656861657e-09,0.488183571836439,9.1815382797829e-13,1.40391123604236e-07,0.695385546062225,1.16416881311764e-07,0.62223089017398,8.00906059987101e-05,1.9586805985227e-06,0.248518377963273,5.1114652992701e-09,0.350466438716903,0.0354632407187544,0.000274310953904098,2.50740565505246e-06,0.206274711659733,0.000796310845234747,0.107561909148489,0.0136166165995662,3.03326227199441e-09,0.00532324216118946,0.100777372792581,3.03551544138544e-07,0.610685093582825,4.86964992020708e-09,1.4428335434953e-05,0.0022468808569681,0.726992613654166,0.0159794036238726,0.0190218724610871,3.33981066783697e-05,1.77857434843917e-05,0.444656422428412,0.0289133298127128,0.861695480511903,1.1230705303865e-06,0.00119698920290857,0.426022304487483,0.000688824312718206,0.00125277712851548,0.175281414355075,0.0594242950996343,0.651939179260701,0.000830561584058509
"40",0.214346460562038,0.842457722914087,2.01433206491613e-05,0.736008739959026,0.32612157060422,0.000145000142564075,1.4202966935858e-06,1.99930997085745e-10,0.914933585417772,0.125556408138587,5.86621160925657e-06,0.00406118317094225,6.11796052663453e-11,0.927466743746379,1.30217034478578e-09,3.56382075397002e-09,0.52045681262298,3.61632015220599e-10,1.78443982104485e-06,0.241772941105243,2.03381712412495e-08,0.0960475918857316,2.15032120488045e-11,3.43182226399895e-05,0.708810280926021,6.99523371500427e-09,0.401239641057793,7.02595040707766e-05,0.000301255696474686,0.361160124167721,0.000372108433556144,0.621898466743635,0.00245547185333745,0.00105927878755226,9.03498308923699e-06,0.0307518603373425,7.66649992776108e-06,0.560932065526542,0.154273387377453,6.06722370895971e-07,0.000408624145312925,0.0312028068758592,0.000331016212719778,0.00103360785823603,2.2711497457225e-08,0.000387182097482304,0.0247454144988446,0.807940774452119,0.0204321587789055,0.0997573623001322,0.00129722180889618,0.0017256680230222,0.207883679048066,0.0629757413615884,0.36773240408619,0.00921981923675663,0.0727398266539154,0.342109713698393,0.00897466157949565,0.0823411647345398,0.202000849982304,0.314058115486968,0.800820102141027,0.000145842181660368
"41",0.000193933816417791,0.0798506138533721,1.57067783051309e-09,0.00113960582831015,0.81981265241003,2.12914751585505e-13,3.16227385090662e-21,2.38660665517263e-15,0.00718106917610901,0.000194829437199428,7.47606666018386e-12,4.80549640084707e-08,2.85235885912865e-15,0.00191771765233566,4.80269643625239e-25,4.81022080520686e-18,2.76703096867869e-07,9.65715234261468e-23,8.46103086907961e-09,0.116397877056184,2.3776908182941e-12,0.982044905556845,4.49489330020033e-19,4.17182633546803e-16,0.0570057429246684,1.86491421190084e-12,0.396416212766941,3.55956395908349e-10,5.59143942429128e-13,0.00298095302109947,1.6305348719283e-08,0.113961956534034,5.04481369752599e-05,3.4005971508958e-10,3.08223717480077e-11,0.00256359805988084,3.9223176160883e-10,0.000184958525340934,0.000129107038485279,5.36597940807849e-13,1.67278996051592e-09,0.609633688189979,4.40007127197257e-10,0.298166850426745,7.61914321887087e-20,1.49139080739515e-12,0.0639357899260681,0.983215398641123,5.84723861597738e-05,0.190583618012405,1.28853715887813e-06,6.47368921778478e-08,0.146034466198814,0.000262439228561556,0.116914181545547,3.40282257416633e-08,6.42171500431298e-07,0.0313306611541912,3.26348438045314e-09,2.83806591618896e-06,0.0663217926290457,0.00410081177483387,0.662564089578624,8.23330064203762e-05
"42",0.000221545772907427,0.19126587272816,7.18000123237929e-08,0.00456867639285636,0.669470679090506,2.88407423426989e-11,1.84003422741149e-19,1.0661605259481e-12,0.0113130954787857,0.000421329516144133,1.26787788914257e-10,6.37295377677881e-08,1.5329426066635e-12,0.00186012950356844,1.91634190912666e-20,8.98378221242291e-16,1.82764017336162e-06,1.67182474695056e-18,1.27848686100995e-08,0.135427451232101,3.59236361017186e-13,0.475724010310281,7.86034163357462e-19,3.37680677085115e-13,0.0664512253655175,5.86167575613375e-11,0.560712513679805,2.15641105963393e-10,4.15561403842269e-12,0.00712912752094154,1.86362179471692e-07,0.34748478934826,0.000257853380438763,5.8155366733732e-08,1.18837502049483e-10,0.0040301268176428,9.38494298760933e-08,0.00422226493108723,6.6132188302945e-05,4.02014692803696e-13,3.25132224823404e-08,0.830072822159891,1.02031850504174e-09,0.372622058805051,5.3183522828384e-16,1.77736603958199e-11,0.0959397602642631,0.740323955594678,0.000227607347961347,0.241520733524428,7.18466146189194e-07,3.55114265977191e-07,0.170818138758928,0.00724769947621802,0.0418884754264219,1.33094898913592e-07,4.51182899101488e-05,0.0723185098353996,6.16130149380709e-08,1.78735049634987e-05,0.0383794757856876,0.000634046731243857,0.5583618182908,0.000773359154179276
"43",0.81717512830352,0.216789528222701,0.335274326987676,0.0410910068684911,0.542567443326321,0.0289481841873062,0.0134804976201784,0.00474210868330491,0.184735026009759,0.658946620439207,0.0112330252149188,0.0315371904946131,0.281461323596442,0.403901868255412,0.00180283223757617,0.00120407214668215,0.854321283168455,0.0117176122601138,0.87679235964475,0.393892790257225,0.059420368560644,0.0823580468018799,0.000107593034089522,0.000642523470010574,0.519834345037422,0.207492086362139,0.308848126396528,0.150170275164741,0.076541806695113,0.280306414938005,0.0391667291561202,0.77403924262028,0.0932190192344653,0.0851029184542519,0.0164074702310716,0.152393723322467,0.00545682178266067,0.962420234089311,0.0835445590135076,0.0132183177590714,0.000426384689407968,0.000330601002549666,8.12849981294379e-05,0.00382621560458135,2.61734581565677e-05,0.292416331131368,0.0910621913592144,0.937202815586823,0.311771764284547,0.0794334857896069,0.0594902369709277,0.000684140445882277,0.695981560739742,0.284298985707398,0.411534013524928,0.138561036087912,0.10037634470696,0.637550451807036,0.0938718831282444,0.336059035339353,0.633853797949817,0.938676780409376,0.928734934059062,0.920939451408221
"44",0.000951533314903173,0.239776351173433,2.62901422819123e-10,0.00949954541496701,0.263182299279553,1.679450622841e-14,4.568934414528e-23,2.03774203290293e-15,0.031851882875877,0.000406308132010165,1.11842954596641e-13,2.03772096639183e-07,5.81885326212348e-14,0.0108156274167919,6.21884269104678e-25,2.70094165994898e-18,5.79296367198049e-07,4.4931455935092e-24,3.20634686497863e-09,0.235287919673355,4.55100000693677e-11,0.704953791187388,8.06486746687389e-21,8.21893571330873e-17,0.102803343663231,7.27679015997298e-13,0.725300429932697,5.28543291592515e-11,3.18810581656696e-14,0.00718172191691004,3.45599274507018e-09,0.0734588917576228,3.70563188144299e-05,1.03692107061961e-11,2.20551422884758e-12,0.00994187945668187,1.12701354517879e-10,0.00181290226351149,3.51310310529434e-05,7.11333786085819e-15,2.59583139060439e-09,0.262795611104667,2.01796017107025e-11,0.263645917318733,5.19701008196637e-22,3.99071014408756e-13,0.0579541244142746,0.856331971614908,8.23173938337751e-05,0.345805111709672,3.08340410835517e-07,2.07713497352062e-09,0.356888968671949,0.00010429021398095,0.321672354104267,4.38235928756477e-09,2.01084629332643e-08,0.101533736641403,2.7009254760019e-09,6.31344136124484e-06,0.0669868489108298,0.0098426487718991,0.820342058953009,4.69188023209573e-06
"45",0.76755363697514,0.251523749757235,0.0627567489175601,0.0182194026765373,0.00571055122665469,0.0406877218832898,3.53870630078524e-07,0.00111940101547547,0.0037486841264294,0.865251980304668,2.84183279055337e-08,0.0379439210520192,0.00249769928775099,0.233557169658217,2.47911109259333e-05,0.00171192272060862,0.389300731018354,2.76070996315144e-09,0.190715815798791,0.65442930652605,0.0577645058514999,0.00247996982665475,1.08601136338655e-05,1.07577821262727e-05,0.738262424911908,0.000572709606227463,0.420012113918078,0.0190021057435293,0.000425604135752813,0.49533990688996,9.84684703716956e-05,0.512929156414837,0.132864421083605,0.0047610681445635,5.08809738382992e-08,0.643190202764717,0.000676104303834991,0.30150261668101,0.199582379993922,5.55061164095067e-10,0.152836736843384,0.822390340585941,3.43988049110894e-08,0.49454217349129,8.08845947794801e-05,0.0272544119831083,0.42470641573172,0.0571600275257509,0.358608306245353,0.229166450941532,0.0328272477603002,1.15838291641868e-05,0.859109668637688,0.381325424846196,0.70495247094485,0.0223850592047018,0.000408434373459513,0.600171389893888,0.0173365539248874,0.0428163369101001,0.12748210397607,0.746854474076873,0.81187410075975,0.884161083011398
"46",0.026250940961989,0.955124508543182,0.000663611309100381,0.676062178388586,0.773813090409421,0.0163547380605893,6.26143317622993e-09,0.000197291623087148,0.934855027981547,0.105506346016983,6.77462304789409e-09,0.000336528886185059,5.29181363275709e-05,0.158030304420621,6.33810420835615e-09,6.21437255779155e-07,0.0218284844021594,4.19033490568249e-10,0.00624627088533573,0.775643178443981,6.2362814051562e-07,0.719876484333194,1.09580318795456e-13,4.19484750212549e-05,0.394869896189538,0.000142152741156796,0.507930415468129,0.00317619382312849,0.000115559339963946,0.732235020098087,4.03434374586242e-08,0.00588232266500423,0.0540223878018594,8.49284796676485e-12,9.18517999185354e-06,0.0622206063167629,0.000103887145964941,0.0587371823852414,0.0997697410234673,2.33917389142205e-06,0.000651782163955454,0.0507641610318288,0.00157805262734981,0.11084705784027,5.23786099229039e-08,0.000685087693558112,0.245219771479652,0.404739354365173,0.386375512928205,0.576707947832465,0.00969675999923679,0.000373948786836316,0.981699994963259,0.0527433152877387,0.134274767973421,0.00817010297690536,0.0314738326463896,0.226345551403319,0.00890082375885954,0.00963872545457192,0.158182995766434,0.0912596699323947,0.34789933393558,0.081808188431185
"47",0.110488135285788,0.673462309444267,4.1932917129635e-09,0.158800924478925,0.875745067544828,1.73947055135992e-08,4.24986074834972e-12,9.16115695157375e-13,0.844435332758393,0.0686226423751664,6.83942181647095e-08,1.4083997337502e-10,6.50095791336897e-15,0.0534471631695596,1.78252619641529e-05,3.71122227054159e-10,0.0362862986297507,8.97688806210717e-15,2.21427265052336e-10,0.137646991902028,1.0570430290994e-08,0.0612561578648893,2.32331734451988e-09,1.13105641385763e-07,0.722801400011756,8.34873597881605e-13,0.429114339873274,1.01754971035787e-07,6.17578617335245e-07,0.113120925570865,5.58656624858712e-07,0.684172222676547,0.00316481717579029,7.57509878653463e-06,5.21908732885113e-07,0.0215113563310416,1.39204563628497e-07,0.289636792441691,0.0184067005488958,3.63258305265207e-08,0.000314544526707251,0.333961368627205,1.11114222560272e-05,0.0752640030363615,1.06197615205161e-07,3.77380345128942e-07,0.0982877294072632,0.951160420196131,0.00520532104094898,0.705653961131234,0.00012533366947304,5.27209676395558e-05,0.322148039094135,0.017920377675359,0.422055778980186,2.25669755923854e-05,0.00448859046320955,0.947553182504213,0.000436100462315371,0.0443814142292267,0.204927559084266,0.136257830262123,0.53217559571452,9.28769434461574e-06
"48",0.0719053064374286,0.586111999583401,9.82359167392784e-10,0.199282960094662,0.966011859483547,5.24915423130402e-09,5.65934661361488e-14,6.97380305642777e-14,0.659074119645037,0.0495068938582617,5.32915748206246e-08,6.81446534699629e-12,5.82721194642284e-16,0.0585995253204973,2.9077552811289e-06,2.71185002537709e-10,0.0135154882510376,2.48889437227395e-15,2.34317247385638e-11,0.0649008663501032,9.86045960857482e-10,0.113473264487363,4.20806724884037e-10,3.82650173374476e-08,0.618055649972109,4.03066358769759e-14,0.368074588357124,1.83370619443827e-07,6.87552454226918e-08,0.0324646529724575,7.67241454561947e-07,0.394786403324479,0.00296899272400338,2.57946330334456e-06,7.17518456011781e-07,0.0161549806408693,4.17517871119045e-07,0.137419750381509,0.0213389265365749,1.53171821076999e-08,0.000110274963089779,0.286879173801681,2.6704464231631e-05,0.0410413466105529,1.44935504938622e-08,9.50572186027678e-08,0.056702904463602,0.829879616449821,0.00244021556767254,0.941021482518055,0.000512543908992008,7.58914908712231e-05,0.511379174690857,0.0151708787370014,0.481946445511895,1.73275254941261e-05,0.00155721882228791,0.817562871991258,1.63148780601645e-05,0.0377421899137823,0.196955093514761,0.0330414558836986,0.513101611848742,5.66144498142977e-06
"49",0.288195535559108,0.981687352471135,0.000130329951842313,0.894207728567192,0.662574876829542,0.0021035429266349,0.00128017667793829,1.67594944252589e-07,0.123369072100807,0.369945014023117,0.000135001875554867,2.8156906736618e-07,4.06135981568319e-07,0.922340544570952,0.000942243080808578,5.52557601625631e-06,0.964922397124295,1.41563904175875e-07,9.64244006808387e-07,0.56591365172971,3.35140188509153e-06,0.0354750357620495,5.1179534770739e-10,0.0019036551463768,0.448320789544168,4.92004105167025e-07,0.55459189412409,0.00255061049868231,0.00379332354275421,0.352591713562772,0.0239502075280807,0.473521568777677,0.0566142535278161,0.0054225575042304,0.000114884942672691,0.0541265125798451,0.00180637838988368,0.811992735343742,0.16524656180028,8.43908223458242e-05,0.00784935951479059,0.0925121974848266,0.00679341550030763,0.00783527066316679,5.15733905705349e-07,0.0167315356217848,0.131835386116213,0.88042736426376,0.927171487239035,0.648808218799306,0.00282709910074195,0.0130847883591116,0.249881159767528,0.0105672786333492,0.760399450607554,0.0633856508674576,0.200272884122894,0.277201157169105,0.0380001518513244,0.0327550032648602,0.166978433702732,0.668703163196947,0.594971640763122,0.0036945337619617
"50",0.0751604930812898,0.600455052295052,3.52792730861855e-08,0.930481607406044,0.20696739885904,1.9718119050519e-05,3.16440546857057e-08,1.91350738287153e-10,0.549298027321297,0.0580006622681711,4.28635577184544e-09,6.20537360573022e-09,1.06154123632229e-11,0.982978501719133,0.00220878287090168,1.32600259225187e-08,0.270341641853003,5.62790252722809e-12,2.23889981820904e-08,0.170959238567474,1.32402214627405e-10,0.237075040926532,1.28632511008687e-12,4.29360998971659e-07,0.725436764489357,2.06190604219028e-08,0.140031737932856,0.00100140242073046,0.000132001676899293,0.0220650160927811,0.000120478773166526,0.356150577578295,0.129133540285079,0.000196874522110215,0.00209132396522102,0.0971930189032524,1.55986939360344e-05,0.0247175451877055,0.0958060554277696,2.34893326992824e-06,0.00720483196751536,0.0303002788004598,0.000209177617071043,0.0164584060439588,1.24922706930401e-05,0.000129395961805909,0.380594705193391,0.637597256709326,0.0276421774783999,0.156806950171449,4.18001891997861e-05,0.000186608104430167,0.145899839395593,0.0481983112788158,0.0204655077759014,0.00201186240473531,0.0167194254972803,0.367391983716657,0.000525752808807523,0.0256508888188988,0.435023256629442,0.177410535264082,0.879203406031206,3.62277339068943e-05
"51",0.0844917703956134,0.435729728738786,5.68302385703929e-08,0.81592401904543,0.115807281925199,1.43679871136857e-05,5.74583661392597e-08,1.85578721137195e-10,0.924318782819623,0.081743130065329,6.33042087933802e-08,4.2377405591534e-09,2.24827508558671e-12,0.727017541416196,0.000911114952434931,9.31726152492071e-08,0.536459107862178,3.15900487454259e-11,1.00782318780791e-08,0.177351726797626,1.22957409772094e-09,0.157694760010844,1.23802012832731e-11,1.56284185640937e-05,0.156164865122094,2.73774878250078e-08,0.251969394330011,0.000939966687492938,0.000112132088662206,0.0339666986087213,0.000187333314885693,0.305533656466172,0.0675727741976567,0.000380510942511195,0.00310954670360584,0.038785183045983,1.01782574613833e-05,0.0376929348646564,0.121309383897565,4.09546387927885e-06,0.00558669030226938,0.0241234715175406,0.000626302064503729,0.00236735577069079,2.06072889026559e-05,0.000363551245439134,0.538792901660303,0.700477678660899,0.0323633820713347,0.0610793439229009,0.00222832496738477,0.00192848714593997,0.150046544363374,0.0276948632214107,0.0913129892714528,0.00282515445682814,0.0212655160789489,0.311452707413236,0.000370976438573182,0.026492421663976,0.532842964048005,0.0496900759978193,0.552111886168675,2.02440740422094e-05
